Question,A,B,C,D,E,Answer
黄连解毒汤的功用是,辛寒清气泻火,苦寒直折火热,甘寒清热育阴,甘温益气除热,辛凉解表透热,B
银翘散的功用是,辛寒清气泻火,苦寒直折火热,甘寒清热育阴,甘温益气除热,辛凉解表透热,E
白虎汤的功用是,辛寒清气泻火,苦寒直折火热,甘寒清热育阴,甘温益气除热,辛凉解表透热,A
沙参麦冬汤的功用是,辛寒清气泻火,苦寒直折火热,甘寒清热育阴,甘温益气除热,辛凉解表透热,C
补中益气汤的功用是,辛寒清气泻火,苦寒直折火热,甘寒清热育阴,甘温益气除热,辛凉解表透热,D
心胸烦热，口渴面赤，口舌生疮者，治疗应选用,玉女煎,导赤散,六一散,黄连解毒汤,竹叶石膏汤,B
小便短赤，溲时热涩刺痛者，治疗应选用,玉女煎,导赤散,六一散,黄连解毒汤,竹叶石膏汤,B
生脉散的功用是,涩肠固脱，益气养血,温肾暖脾，涩肠止泻,益气固表，育阴除烦,滋阴泻火，固表止汗,益气生津，敛阴止汗,E
四神丸的功用是,涩肠固脱，益气养血,温肾暖脾，涩肠止泻,益气固表，育阴除烦,滋阴泻火，固表止汗,益气生津，敛阴止汗,B
当归六黄汤的功用是,涩肠固脱，益气养血,温肾暖脾，涩肠止泻,益气固表，育阴除烦,滋阴泻火，固表止汗,益气生津，敛阴止汗,D
真人养脏汤的功用是,涩肠固脱，益气养血,温肾暖脾，涩肠止泻,益气固表，育阴除烦,滋阴泻火，固表止汗,益气生津，敛阴止汗,A
牡蛎散的功用是,涩肠固脱，益气养血,温肾暖脾，涩肠止泻,益气固表，育阴除烦,滋阴泻火，固表止汗,益气生津，敛阴止汗,C
治疗前列腺炎肾阳不足证，应首选,金锁固精丸,济生肾气丸,真武汤,附桂八味丸,调元肾气丸,A
治疗前列腺增生，肾阳不足，气化无权证，应首选,金锁固精丸,济生肾气丸,真武汤,附桂八味丸,调元肾气丸,B
龟鹿二仙膏之主要功用为,益气生血,滋阴养血,双补气阴,温阳益气,双补阴阳,E
生脉散之主要功用为,益气生血,滋阴养血,双补气阴,温阳益气,双补阴阳,C
归脾汤之主要功用为,益气生血,滋阴养血,双补气阴,温阳益气,双补阴阳,A
黄芪桂枝五物汤之主要功用为,益气生血,滋阴养血,双补气阴,温阳益气,双补阴阳,D
炙甘草汤之主要功用为,益气生血,滋阴养血,双补气阴,温阳益气,双补阴阳,B
五皮饮的功用是,益气利水,温阳利水,滋阴利水,行气利水,清热利水,D
猪苓汤的功用是,益气利水,温阳利水,滋阴利水,行气利水,清热利水,C
真武汤的功用是,益气利水,温阳利水,滋阴利水,行气利水,清热利水,B
防己黄芪汤的功用是,益气利水,温阳利水,滋阴利水,行气利水,清热利水,A
六一散的功用是,益气利水,温阳利水,滋阴利水,行气利水,清热利水,E
在补中益气汤的配伍中,柴胡使用宜大剂量,柴胡使用宜中等剂量,柴胡使用宜小剂量,柴胡不宜使用,柴胡应禁用,C
在痛泻要方的加减运用中,柴胡使用宜大剂量,柴胡使用宜中等剂量,柴胡使用宜小剂量,柴胡不宜使用,柴胡应禁用,D
在大补阴丸方的加减运用中,柴胡使用宜大剂量,柴胡使用宜中等剂量,柴胡使用宜小剂量,柴胡不宜使用,柴胡应禁用,E
在小柴胡汤的配伍中,柴胡使用宜大剂量,柴胡使用宜中等剂量,柴胡使用宜小剂量,柴胡不宜使用,柴胡应禁用,A
在逍遥散的配伍中,柴胡使用宜大剂量,柴胡使用宜中等剂量,柴胡使用宜小剂量,柴胡不宜使用,柴胡应禁用,B
桑螵蛸散的功用涉及,补益肺阴,温补肾阳,健脾益气,宁心安神,滋阴柔肝,D
麦门冬汤的功用涉及,补益肺阴,温补肾阳,健脾益气,宁心安神,滋阴柔肝,A
一贯煎的功用涉及,补益肺阴,温补肾阳,健脾益气,宁心安神,滋阴柔肝,E
右归丸的功用涉及,补益肺阴,温补肾阳,健脾益气,宁心安神,滋阴柔肝,B
异功散的功用涉及,补益肺阴,温补肾阳,健脾益气,宁心安神,滋阴柔肝,C
治疗寒湿痢应首选, 胃苓汤,连理汤,芍药汤,桃花汤,驻车丸,A
治疗虚寒痢应首选, 胃苓汤,连理汤,芍药汤,桃花汤,驻车丸,D
实脾散的功用是,燥湿和胃,清热祛湿,温阳化湿,祛湿化浊,利水渗湿,C
五苓散的功用是,燥湿和胃,清热祛湿,温阳化湿,祛湿化浊,利水渗湿,E
平胃散的功用是,燥湿和胃,清热祛湿,温阳化湿,祛湿化浊,利水渗湿,A
三仁汤的功用是,燥湿和胃,清热祛湿,温阳化湿,祛湿化浊,利水渗湿,B
朱氏萆薢分清饮的功用是,燥湿和胃,清热祛湿,温阳化湿,祛湿化浊,利水渗湿,D
归脾汤的功用,健脾温阳，养血止血,健脾养心，益气摄血,补脾固冲，益气摄血,温经散瘀，养血止血,滋阴清热，固经止血,B
固冲汤的功用,健脾温阳，养血止血,健脾养心，益气摄血,补脾固冲，益气摄血,温经散瘀，养血止血,滋阴清热，固经止血,C
固经丸的功用,健脾温阳，养血止血,健脾养心，益气摄血,补脾固冲，益气摄血,温经散瘀，养血止血,滋阴清热，固经止血,E
温经汤的功用,健脾温阳，养血止血,健脾养心，益气摄血,补脾固冲，益气摄血,温经散瘀，养血止血,滋阴清热，固经止血,D
黄土汤的功用,健脾温阳，养血止血,健脾养心，益气摄血,补脾固冲，益气摄血,温经散瘀，养血止血,滋阴清热，固经止血,A
小蓟饮子的功用是,益肾滋阴，清心利水,清热泻火，利湿通淋,凉血止血，利水通淋,清热育阴利水,健脾祛湿，化气行水,C
五苓散的功用是,益肾滋阴，清心利水,清热泻火，利湿通淋,凉血止血，利水通淋,清热育阴利水,健脾祛湿，化气行水,E
猪苓汤的功用是,益肾滋阴，清心利水,清热泻火，利湿通淋,凉血止血，利水通淋,清热育阴利水,健脾祛湿，化气行水,D
导赤散的功用是,益肾滋阴，清心利水,清热泻火，利湿通淋,凉血止血，利水通淋,清热育阴利水,健脾祛湿，化气行水,A
八正散的功用是,益肾滋阴，清心利水,清热泻火，利湿通淋,凉血止血，利水通淋,清热育阴利水,健脾祛湿，化气行水,B
具有祛瘀定痛，活血止血功用的方剂是,血府逐瘀汤,复元活血汤,桃核承气汤,七厘散,生化汤,D
具有养血活血，祛瘀生新功用的方剂是,血府逐瘀汤,复元活血汤,桃核承气汤,七厘散,生化汤,E
具有破血下瘀，荡涤邪热功用的方剂是,血府逐瘀汤,复元活血汤,桃核承气汤,七厘散,生化汤,C
具有活血祛瘀，行气止痛功用的方剂是,血府逐瘀汤,复元活血汤,桃核承气汤,七厘散,生化汤,A
具有逐瘀行气，通络止痛功用的方剂是,血府逐瘀汤,复元活血汤,桃核承气汤,七厘散,生化汤,B
治疗尿浊，应首选,二妙散,八正散,疏凿饮子,程氏萆薢分清饮,薏苡仁汤,D
治疗热淋，应首选,二妙散,八正散,疏凿饮子,程氏萆薢分清饮,薏苡仁汤,B
具有温经养血，散寒通脉功用的方剂是,小活络丹,补阳还五汤,当归四逆汤,黄芪桂枝五物汤, 阳和汤,C
具有益气活血，散瘀通络功用的方剂是,小活络丹,补阳还五汤,当归四逆汤,黄芪桂枝五物汤, 阳和汤,B
具有温阳补血，散寒通滞功用的方剂是,小活络丹,补阳还五汤,当归四逆汤,黄芪桂枝五物汤, 阳和汤,E
具有益气温阳，和营通滞功用的方剂是,小活络丹,补阳还五汤,当归四逆汤,黄芪桂枝五物汤, 阳和汤,D
具有祛风除湿，化瘀通络功用的方剂是,小活络丹,补阳还五汤,当归四逆汤,黄芪桂枝五物汤, 阳和汤,A
温经汤含有,枳实、芍药,芍药、大黄,大黄、桂枝,桂枝、吴茱萸,吴茱萸、五味子,D
四逆散含有,枳实、芍药,芍药、大黄,大黄、桂枝,桂枝、吴茱萸,吴茱萸、五味子,A
四神丸含有,枳实、芍药,芍药、大黄,大黄、桂枝,桂枝、吴茱萸,吴茱萸、五味子,E
桃核承气汤含有,枳实、芍药,芍药、大黄,大黄、桂枝,桂枝、吴茱萸,吴茱萸、五味子,C
芍药汤含有,枳实、芍药,芍药、大黄,大黄、桂枝,桂枝、吴茱萸,吴茱萸、五味子,B
地黄饮子主治证病机涉及,寒热互结,正虚邪实,表里互兼,阴阳俱虚,气血同病,D
清胃散主治证病机涉及,寒热互结,正虚邪实,表里互兼,阴阳俱虚,气血同病,E
桂枝茯苓丸与大黄牡丹汤二方中均含有,石膏与知母,知母与熟地,熟地与生地,生地与丹皮,丹皮与桃仁,E
大秦艽汤与百合固金汤二方中均含有,石膏与知母,知母与熟地,熟地与生地,生地与丹皮,丹皮与桃仁,C
玉女煎与白虎汤二方中均含有,石膏与知母,知母与熟地,熟地与生地,生地与丹皮,丹皮与桃仁,A
清胃散与青蒿鳖甲汤二方中均含有,石膏与知母,知母与熟地,熟地与生地,生地与丹皮,丹皮与桃仁,D
大补阴丸与玉女煎二方中均含有,石膏与知母,知母与熟地,熟地与生地,生地与丹皮,丹皮与桃仁,B
半夏泻心汤与枳实消痞丸二方中均含有,柴胡与大黄,大黄与山栀,黄芩与黄连,黄连与干姜,干姜与制附子,D
回阳救急汤与实脾饮二方中均含有,柴胡与大黄,大黄与山栀,黄芩与黄连,黄连与干姜,干姜与制附子,E
普济消毒饮和凉膈散二方中均含有,柴胡与大黄,大黄与山栀,黄芩与黄连,黄连与干姜,干姜与制附子,C
大柴胡汤与复元活血汤二方中均含有,柴胡与大黄,大黄与山栀,黄芩与黄连,黄连与干姜,干姜与制附子,A
八正散与茵陈蒿汤二方中均含有,柴胡与大黄,大黄与山栀,黄芩与黄连,黄连与干姜,干姜与制附子,B
方中均含有桃仁与冬瓜仁的是,小青龙汤和大青龙汤,地黄饮子和桑螵蛸散,百合固金汤和大秦艽汤,苇茎汤和大黄牡丹汤,复脉汤和清燥救肺汤,D
方中均含有阿胶与甘草的是,小青龙汤和大青龙汤,地黄饮子和桑螵蛸散,百合固金汤和大秦艽汤,苇茎汤和大黄牡丹汤,复脉汤和清燥救肺汤,E
方中均含有麻黄与桂枝的是,小青龙汤和大青龙汤,地黄饮子和桑螵蛸散,百合固金汤和大秦艽汤,苇茎汤和大黄牡丹汤,复脉汤和清燥救肺汤,A
方中均含有菖蒲与远志的是,小青龙汤和大青龙汤,地黄饮子和桑螵蛸散,百合固金汤和大秦艽汤,苇茎汤和大黄牡丹汤,复脉汤和清燥救肺汤,B
方中均含有生地与熟地的是,小青龙汤和大青龙汤,地黄饮子和桑螵蛸散,百合固金汤和大秦艽汤,苇茎汤和大黄牡丹汤,复脉汤和清燥救肺汤,C
桑杏汤含有,陈皮,梨皮,地骨皮,丹皮,椿根皮,B
普济消毒饮含有,陈皮,梨皮,地骨皮,丹皮,椿根皮,A
温经汤含有,陈皮,梨皮,地骨皮,丹皮,椿根皮,D
泻白散含有,陈皮,梨皮,地骨皮,丹皮,椿根皮,C
固经丸含有,陈皮,梨皮,地骨皮,丹皮,椿根皮,E
含有沙参、麦冬的方剂是,清胃散,玉女煎,大补阴丸,左归丸,一贯煎,E
含有升麻、黄连的方剂是,清胃散,玉女煎,大补阴丸,左归丸,一贯煎,A
含有石膏、熟地的方剂是,清胃散,玉女煎,大补阴丸,左归丸,一贯煎,B
含有龟胶、鹿胶的方剂是,清胃散,玉女煎,大补阴丸,左归丸,一贯煎,D
含有知母、黄柏的方剂是,清胃散,玉女煎,大补阴丸,左归丸,一贯煎,C
痰浊壅肺型肺胀首选方,苏子降气汤,小青龙汤,六君子汤,参苓白术散,二陈汤,A
痰湿蕴肺型咳嗽首选方,苏子降气汤,小青龙汤,六君子汤,参苓白术散,二陈汤,E
痰浊壅肺型肺胀缓解期选方,苏子降气汤,小青龙汤,六君子汤,参苓白术散,二陈汤,C
百合固金汤主治,气血阴阳俱不足的虚劳肺痿,脾虚湿阻、土不生金的肺痿,虚劳久咳、气阴不足的肺痿,阴虚火旺、金水不能相生的肺痿,温燥犯肺、气阴二伤的肺痿,D
生脉散主治,气血阴阳俱不足的虚劳肺痿,脾虚湿阻、土不生金的肺痿,虚劳久咳、气阴不足的肺痿,阴虚火旺、金水不能相生的肺痿,温燥犯肺、气阴二伤的肺痿,C
参苓白术散主治,气血阴阳俱不足的虚劳肺痿,脾虚湿阻、土不生金的肺痿,虚劳久咳、气阴不足的肺痿,阴虚火旺、金水不能相生的肺痿,温燥犯肺、气阴二伤的肺痿,B
清燥救肺汤主治,气血阴阳俱不足的虚劳肺痿,脾虚湿阻、土不生金的肺痿,虚劳久咳、气阴不足的肺痿,阴虚火旺、金水不能相生的肺痿,温燥犯肺、气阴二伤的肺痿,E
复脉汤主治,气血阴阳俱不足的虚劳肺痿,脾虚湿阻、土不生金的肺痿,虚劳久咳、气阴不足的肺痿,阴虚火旺、金水不能相生的肺痿,温燥犯肺、气阴二伤的肺痿,A
脱疽血瘀证用,四妙勇安汤, 阳和汤,桃红四物汤,桂附八味丸,六味地黄丸,C
脱疽热毒证用,四妙勇安汤, 阳和汤,桃红四物汤,桂附八味丸,六味地黄丸,A
主治风邪犯肺的咳嗽证,风邪犯肺的咳嗽证,凉燥犯肺的咳嗽证,温燥犯肺的咳嗽证,风热犯肺的咳嗽证,风寒犯肺的咳喘证,A
主治凉燥犯肺的咳嗽证,风邪犯肺的咳嗽证,凉燥犯肺的咳嗽证,温燥犯肺的咳嗽证,风热犯肺的咳嗽证,风寒犯肺的咳喘证,B
主治温燥犯肺的咳嗽证,风邪犯肺的咳嗽证,凉燥犯肺的咳嗽证,温燥犯肺的咳嗽证,风热犯肺的咳嗽证,风寒犯肺的咳喘证,C
主治风热犯肺的咳嗽证,风邪犯肺的咳嗽证,凉燥犯肺的咳嗽证,温燥犯肺的咳嗽证,风热犯肺的咳嗽证,风寒犯肺的咳喘证,D
主治风寒犯肺的咳喘证,风邪犯肺的咳嗽证,凉燥犯肺的咳嗽证,温燥犯肺的咳嗽证,风热犯肺的咳嗽证,风寒犯肺的咳喘证,E
脾虚湿盛的泄泻证宜用,人参败毒散,葛根芩连汤,五苓散,藿香正气散,痛泻要方,C
内伤湿滞，外感风寒的泄泻证宜用,人参败毒散,葛根芩连汤,五苓散,藿香正气散,痛泻要方,D
阳明肠热的泄泻证宜用,人参败毒散,葛根芩连汤,五苓散,藿香正气散,痛泻要方,B
肝强脾弱的泄泻证宜用,人参败毒散,葛根芩连汤,五苓散,藿香正气散,痛泻要方,E
表证不解，外邪内陷的泄泻证宜用,人参败毒散,葛根芩连汤,五苓散,藿香正气散,痛泻要方,A
主治血虚生风证的方剂是,镇肝熄风汤,大定风珠,羚角钩藤汤,阿胶鸡子黄汤,地黄饮子,D
主治肝热动风证的方剂是,镇肝熄风汤,大定风珠,羚角钩藤汤,阿胶鸡子黄汤,地黄饮子,C
主治阴虚风动证的方剂是,镇肝熄风汤,大定风珠,羚角钩藤汤,阿胶鸡子黄汤,地黄饮子,B
主治阳亢化风证的方剂是,镇肝熄风汤,大定风珠,羚角钩藤汤,阿胶鸡子黄汤,地黄饮子,A
主治肾虚内风证的方剂是,镇肝熄风汤,大定风珠,羚角钩藤汤,阿胶鸡子黄汤,地黄饮子,E
寒湿脚气可选用,防己黄芪汤,二妙散,鸡鸣散,肾气丸,萆薢分清饮,C
风湿脚气可选用,防己黄芪汤,二妙散,鸡鸣散,肾气丸,萆薢分清饮,A
肾虚脚气可选用,防己黄芪汤,二妙散,鸡鸣散,肾气丸,萆薢分清饮,D
湿热脚气可选用,防己黄芪汤,二妙散,鸡鸣散,肾气丸,萆薢分清饮,B
寒湿脚气膏淋可选用,防己黄芪汤,二妙散,鸡鸣散,肾气丸,萆薢分清饮,E
方中不含栀子的是,茵陈蒿汤,黄连解毒汤,普济消毒饮,小蓟饮子,龙胆泻肝汤,C
方中含有竹叶的是,茵陈蒿汤,黄连解毒汤,普济消毒饮,小蓟饮子,龙胆泻肝汤,D
属于温里剂的方剂是,温胆汤,平胃散,四逆汤,桂枝茯苓丸,芍药汤,C
属于祛瘀剂的方剂是,温胆汤,平胃散,四逆汤,桂枝茯苓丸,芍药汤,D
属于清热剂的方剂是,温胆汤,平胃散,四逆汤,桂枝茯苓丸,芍药汤,E
属于祛湿剂的方剂是,温胆汤,平胃散,四逆汤,桂枝茯苓丸,芍药汤,B
属于祛痰剂的方剂是,温胆汤,平胃散,四逆汤,桂枝茯苓丸,芍药汤,A
半夏厚朴汤属于,健脾化滞剂,祛瘀消癥剂,温化痰饮剂,清热化痰剂,行气祛痰剂,E
苓桂术甘汤属于,健脾化滞剂,祛瘀消癥剂,温化痰饮剂,清热化痰剂,行气祛痰剂,C
小陷胸汤属于,健脾化滞剂,祛瘀消癥剂,温化痰饮剂,清热化痰剂,行气祛痰剂,D
枳术丸属于,健脾化滞剂,祛瘀消癥剂,温化痰饮剂,清热化痰剂,行气祛痰剂,A
鳖甲煎丸属于,健脾化滞剂,祛瘀消癥剂,温化痰饮剂,清热化痰剂,行气祛痰剂,B
四神丸属于,开窍剂,安神剂,补益剂,润下剂,固涩剂,E
济川煎属于,开窍剂,安神剂,补益剂,润下剂,固涩剂,D
复脉汤属于,开窍剂,安神剂,补益剂,润下剂,固涩剂,C
甘麦大枣汤属于,开窍剂,安神剂,补益剂,润下剂,固涩剂,B
紫雪属于,开窍剂,安神剂,补益剂,润下剂,固涩剂,A
桃核承气汤属于,汗法,下法,温剂,清剂,消法,B
杏苏散属于,汗法,下法,温剂,清剂,消法,A
温胆汤属于,汗法,下法,温剂,清剂,消法,D
当归四逆汤属于,汗法,下法,温剂,清剂,消法,C
左金丸属于,汗法,下法,温剂,清剂,消法,D
属于涩剂的方剂是,补中益气汤,朱砂安神丸,真人养脏汤,旋覆代赭汤,桑菊饮,C
属于升剂的方剂是,补中益气汤,朱砂安神丸,真人养脏汤,旋覆代赭汤,桑菊饮,A
属于降剂的方剂是,补中益气汤,朱砂安神丸,真人养脏汤,旋覆代赭汤,桑菊饮,D
属于轻剂的方剂是,补中益气汤,朱砂安神丸,真人养脏汤,旋覆代赭汤,桑菊饮,E
属于重剂的方剂是,补中益气汤,朱砂安神丸,真人养脏汤,旋覆代赭汤,桑菊饮,B
五味子和白芍在小青龙汤中是,君药,臣药,佐助药,佐制药,反佐药,D
生地在一贯煎中是,君药,臣药,佐助药,佐制药,反佐药,A
连翘在保和丸中是,君药,臣药,佐助药,佐制药,反佐药,C
黄芩在黄土汤中是,君药,臣药,佐助药,佐制药,反佐药,D
大黄在桃核承气汤中是,君药,臣药,佐助药,佐制药,反佐药,A
归脾汤组方涉及,脾肾并治,心脾并治,心肾并治,心肝并治,多脏并调,B
桑螵蛸散组方涉及,脾肾并治,心脾并治,心肾并治,心肝并治,多脏并调,C
紫雪组方涉及,脾肾并治,心脾并治,心肾并治,心肝并治,多脏并调,D
一贯煎组方涉及,脾肾并治,心脾并治,心肾并治,心肝并治,多脏并调,E
实脾散组方涉及,脾肾并治,心脾并治,心肾并治,心肝并治,多脏并调,A
攻补兼施方是,小青龙汤,半夏泻心汤,黄龙汤,地黄饮子,血府逐瘀汤,C
表里同治方是,小青龙汤,半夏泻心汤,黄龙汤,地黄饮子,血府逐瘀汤,A
气血并调方是,小青龙汤,半夏泻心汤,黄龙汤,地黄饮子,血府逐瘀汤,E
寒热并用方是,小青龙汤,半夏泻心汤,黄龙汤,地黄饮子,血府逐瘀汤,B
阴阳双补方是,小青龙汤,半夏泻心汤,黄龙汤,地黄饮子,血府逐瘀汤,D
主治证涉及阴虚燥热的方剂是,逍遥散,一贯煎,天台乌药散,暖肝煎,当归四逆汤,B
主治证涉及血虚寒滞的方剂是,逍遥散,一贯煎,天台乌药散,暖肝煎,当归四逆汤,E
主治证涉及肝肾不足，寒湿内阻的方剂是,逍遥散,一贯煎,天台乌药散,暖肝煎,当归四逆汤,D
主治证涉及气滞寒凝的方剂是,逍遥散,一贯煎,天台乌药散,暖肝煎,当归四逆汤,C
主治证涉及血虚肝郁的方剂是,逍遥散,一贯煎,天台乌药散,暖肝煎,当归四逆汤,A
与普济消毒饮主治证接近的方剂是,大黄牡丹汤,十枣汤,四逆散,回阳救急汤,仙方活命饮,E
与逍遥散主治证接近的方剂是,大黄牡丹汤,十枣汤,四逆散,回阳救急汤,仙方活命饮,C
与四逆汤主治证接近的方剂是,大黄牡丹汤,十枣汤,四逆散,回阳救急汤,仙方活命饮,D
与桃核承气汤主治证接近的方剂是,大黄牡丹汤,十枣汤,四逆散,回阳救急汤,仙方活命饮,A
与舟车丸主治证接近的方剂是,大黄牡丹汤,十枣汤,四逆散,回阳救急汤,仙方活命饮,B
参苓白术散主治证病机涉及,寒饮,痰热,食郁,湿阻,血瘀,D
越鞠丸主治证病机涉及,寒饮,痰热,食郁,湿阻,血瘀,C
苓甘五味姜辛汤主治证病机涉及,寒饮,痰热,食郁,湿阻,血瘀,A
七厘散主治证病机涉及,寒饮,痰热,食郁,湿阻,血瘀,E
温胆汤主治证病机涉及,寒饮,痰热,食郁,湿阻,血瘀,B
肾气丸可用于, 白喉,痰气互结的梅核气,肺胃阴虚燥热的肺痿,肾虚气弱的女子转胞, 内伤蓄血的如狂发狂,D
犀角地黄汤可用于, 白喉,痰气互结的梅核气,肺胃阴虚燥热的肺痿,肾虚气弱的女子转胞, 内伤蓄血的如狂发狂,E
养阴清肺汤主治, 白喉,痰气互结的梅核气,肺胃阴虚燥热的肺痿,肾虚气弱的女子转胞, 内伤蓄血的如狂发狂,A
半夏厚朴汤主治, 白喉,痰气互结的梅核气,肺胃阴虚燥热的肺痿,肾虚气弱的女子转胞, 内伤蓄血的如狂发狂,B
麦门冬汤主治, 白喉,痰气互结的梅核气,肺胃阴虚燥热的肺痿,肾虚气弱的女子转胞, 内伤蓄血的如狂发狂,C
痰火阻肺型百日咳的治疗首选方剂是,清金化痰汤,苏子降气汤,沙参麦冬汤,知柏地黄丸,桑自皮汤合葶苈大枣泻肺汤,E
百日咳恢复期肺阴亏虚证的治疗首选方剂是,清金化痰汤,苏子降气汤,沙参麦冬汤,知柏地黄丸,桑自皮汤合葶苈大枣泻肺汤,C
易与平胃散合用的方剂是,二陈汤,左金丸,玉屏风散,猪苓汤,调胃承气汤,A
易与四逆散合用的方剂是,二陈汤,左金丸,玉屏风散,猪苓汤,调胃承气汤,B
易与六味地黄丸合用的方剂是,二陈汤,左金丸,玉屏风散,猪苓汤,调胃承气汤,D
易与增液汤合用的方剂是,二陈汤,左金丸,玉屏风散,猪苓汤,调胃承气汤,E
易与桂枝汤合用的方剂是,二陈汤,左金丸,玉屏风散,猪苓汤,调胃承气汤,C
易与二陈汤合用的方剂是,白头翁汤,补中益气汤,四逆汤,四物汤,四君子汤,E
易与逍遥散合用的方剂是,白头翁汤,补中益气汤,四逆汤,四物汤,四君子汤,D
易与生脉散合用的方剂是,白头翁汤,补中益气汤,四逆汤,四物汤,四君子汤,C
易与四神丸合用的方剂是,白头翁汤,补中益气汤,四逆汤,四物汤,四君子汤,B
易与黄连解毒汤合用的方剂是,白头翁汤,补中益气汤,四逆汤,四物汤,四君子汤,A
仙方活命饮中的防风和白芷的配伍意义是,透表散邪,疏散风热,升阳散火,祛风散结,透营转气,D
银翘散中荆芥和豆豉的配伍意义是,透表散邪,疏散风热,升阳散火,祛风散结,透营转气,A
普济消毒饮中升麻和柴胡的配伍意义是,透表散邪,疏散风热,升阳散火,祛风散结,透营转气,C
清营汤中银花和连翘的配伍意义是,透表散邪,疏散风热,升阳散火,祛风散结,透营转气,E
桑菊饮中桑叶和菊花的配伍意义是,透表散邪,疏散风热,升阳散火,祛风散结,透营转气,B
小建中汤中的桂枝的主要作用是,利湿退黄,活血散瘀,清热泻火,泻下通腑,温里散寒助阳,E
麻黄汤中的桂枝的主要作用是,利湿退黄,活血散瘀,清热泻火,泻下通腑,温里散寒助阳,A
五苓散中桂枝的主要作用是,利湿退黄,活血散瘀,清热泻火,泻下通腑,温里散寒助阳,D
当归四逆汤中的桂枝的主要作用是,利湿退黄,活血散瘀,清热泻火,泻下通腑,温里散寒助阳,C
桃核承气汤中的桂枝的主要作用是,利湿退黄,活血散瘀,清热泻火,泻下通腑,温里散寒助阳,B
茵陈蒿汤中大黄的主要作用,利湿退黄,活血散瘀,清热泻火,泻下通腑,凉血止血,A
十灰散丸中大黄的主要作用是,利湿退黄,活血散瘀,清热泻火,泻下通腑,凉血止血,E
复元活血汤中大黄的主要作用是,利湿退黄,活血散瘀,清热泻火,泻下通腑,凉血止血,B
凉膈散中大黄的主要作用是,利湿退黄,活血散瘀,清热泻火,泻下通腑,凉血止血,C
大黄附子细辛汤中大黄的主要作用是,利湿退黄,活血散瘀,清热泻火,泻下通腑,凉血止血,D
柴胡在普济消毒饮中的作用是,升清阳,透表邪,疏肝气,散郁火,以上都不是,D
柴胡在补中益气汤中的主要作用是,升清阳,透表邪,疏肝气,散郁火,以上都不是,A
柴胡在四逆散中的主要作用是,升清阳,透表邪,疏肝气,散郁火,以上都不是,C
柴胡在小柴胡汤中的主要作用是,升清阳,透表邪,疏肝气,散郁火,以上都不是,B
柴胡在复元活血汤中的主要作用是,升清阳,透表邪,疏肝气,散郁火,以上都不是,C
《千金方》中主治蓄血证的方剂是,肾气丸,胶艾汤,二陈汤,犀角地黄汤,复脉汤,D
《和剂局方》中四物汤脱化于,肾气丸,胶艾汤,二陈汤,犀角地黄汤,复脉汤,B
《千金方》中主治虚劳肺痿的方剂是,肾气丸,胶艾汤,二陈汤,犀角地黄汤,复脉汤,E
《小儿药证直诀》中六味地黄丸源于,肾气丸,胶艾汤,二陈汤,犀角地黄汤,复脉汤,A
《内外伤辨惑论》中的半夏白术天麻汤源于,肾气丸,胶艾汤,二陈汤,犀角地黄汤,复脉汤,C
治疗癃闭之浊瘀阻塞证之首选方是,补中益气汤合春泽汤,清肺饮,代抵当丸,沉香散,八正散,C
治疗癃闭之脾气不升证之首选方是,补中益气汤合春泽汤,清肺饮,代抵当丸,沉香散,八正散,A
五积散与防风通圣散二方中含有的相同药物是什么？,麻黄、防风、白芷,荆芥、桔梗、枳壳,白术、厚朴、甘草,当归、川芎、芍药,大黄、干姜、肉桂,D
疏凿饮子与舟车丸组方配伍上的相同点是什么？,二方均治阳水实证,二方均有解表攻里的功用,二方均使用了泻下逐水药,二方均配伍了逐水药与行气药,二方均未配伍利水药,C
与温胆汤在主治和配伍用药上较为接近的方剂是什么？,蒿芩清胆汤,橘皮竹茹汤,左金丸,小柴胡汤,半夏泻心汤,A
旋覆代赭汤与橘皮竹茹汤两方中含有的相同药味是什么？,半夏、茯苓、生姜、大枣,半夏、茯苓、生姜、甘草,半夏、人参、甘草、大枣,人参、甘草、大枣、生姜,半夏、黄芩、甘草、生姜,D
苓甘五味姜辛汤和小青龙汤具有相同的功用是什么？,解表散寒,温肺化饮,宣肺平喘,健脾利湿,燥湿化痰,B
温胆汤与酸枣仁汤主治证中相同的症状有什么？,胸脘满闷,虚烦不寐,呕吐痰涎,舌苔黄腻,脉细数,B
与胶艾汤方证较为接近的方剂是什么？,温经汤,桃核承气汤,失笑散,少腹逐瘀汤,黄芪桂枝五物汤,A
苓桂术甘汤与真武汤主治的主要不同点是什么？,痰饮与水气,胸胁支满与小便不利,中阳不足与肾阳不足,脉弦滑与脉沉,心悸与肢冷,C
归脾汤与天王补心丹主治证的主要不同点是什么？,食少便溏与舌疮尿赤,心悸失眠与心烦不寐,脾虚与心虚,气血不足与阴虚火旺,心脾两虚与心肾两虚,D
苏子降气汤与定喘汤主治证的主要不同点是什么？,有无表证,痰湿与痰热,咳嗽与喘逆,有无下元不足,舌苔白腻与黄腻,B
区别使用六味地黄丸与肾气丸最重要的指征是什么？,腰膝疫软与腰膝冷痛,渴欲凉饮与渴喜温饮,小便短少与小便清长,神疲头晕与阳痿不育,舌红苔少与舌淡苔白,E
下列除哪项外，均是至宝丹的功用？,清热,开窍,通便,化浊,解毒,C
不太可能与枳实薤白桂枝汤合用的方剂是什么？,附子理中汤,二陈汤,苓桂术甘汤,清气化痰丸,丹参饮,D
可用于外科疮疡肿毒阳证的方剂有哪些？,仙方活命饮、阳和汤、荆防败毒散、四妙勇安汤、黄连解毒汤,阳和汤、荆防败毒散、四妙勇安汤、黄连解毒汤、防风通圣散,荆防败毒散、四妙勇安汤、黄连解毒汤、防风通圣散、凉膈散,四妙勇安汤、黄连解毒汤、防风通圣散、凉膈散、大黄牡丹汤,黄连解毒汤、防风通圣散、凉膈散、大黄牡丹汤、小金丹,D
可用于肠热下利的方剂有哪些？,葛根芩连汤、黄连解毒汤、升麻葛根汤、大承气汤,黄连解毒汤、升麻葛根汤、大承气汤、半夏泻心汤,升麻葛根汤、大承气汤、半夏泻心汤、大柴胡汤,大承气汤、半夏泻心汤、大柴胡汤、蒿芩清胆汤,半夏泻心汤、大柴胡汤、蒿芩清胆汤、芍药汤,A
由大黄、芒硝、甘草组成的方剂名为？,大承气汤,小承气汤,调胃承气汤,大陷胸汤,凉膈散,C
由半夏、苏叶、茯苓、厚朴、生姜组成的方剂名为？,厚朴温中汤,二陈汤,半夏厚朴汤,平胃散,实脾散,C
真武汤中白芍的主要作用是什么？,缓急，利小便,滋阴，养血,调和营卫,敛阴止汗,柔肝，熄风,A
由生附子、干姜、甘草组成的方剂名为？,四逆散,温脾汤,理中汤,四逆汤,附子汤,D
由龟板、白芍、黄芩、黄柏、香附、椿根皮组成的方剂名为？,大补阴丸,虎潜丸,玉女煎,固冲汤,固经丸,E
由柴胡、白芍、枳实、甘草组成的方剂名为？,四逆散,四物汤,痛泻要方,柴胡疏肝散,四逆汤,A
由五灵脂、蒲黄组成的方剂方名为？,六一散,左金丸,失笑散,二妙散,二陈汤,C
由桑皮、地骨皮、粳米、甘草组成的方剂名为？,泻白散,补肺阿胶汤,白虎汤,四君子汤,四神丸,A
由白术、芍药、陈皮、防风组成的方剂名为？,四逆散,痛泻要方,芍药汤,健脾丸,四物汤,B
由饴糖、桂枝、芍药、甘草、生姜、大枣组成的方剂名为？,桂枝汤,大建中汤,小建中汤,炙甘草汤,理中汤,C
外感风寒，误用泻下剂后，发热头痛，汗出恶风，鼻鸣微喘，舌苔薄白，脉沉缓者。治疗应选用？,麻黄汤,桂枝汤,麻黄加术汤,桂枝加厚朴杏子汤,石膏汤,D
便秘腹痛，胁下偏痛，发热，手足不温，舌淡苔白腻，脉弦紧，治宜选用？,三物备急丸,大承气汤,温脾汤,大黄附子汤,理中汤,D
脘腹痞胀，食少难消，大便溏薄，舌苔腻，脉虚弱，治宜选用？,枳术丸,枳实消痞丸,枳实导滞丸,木香槟榔丸,保和丸,A
温病，神昏谵语，痰甚气粗，身热烦躁，舌红苔黄腻，治宜选用？,紫雪,至宝丹,大承气汤,羚角钩藤汤,苏合香丸,B
患者恶寒卧，四肢厥冷，吐泻腹痛，口不渴，神衰欲寐，脉沉微。治疗应首选？,理中丸,肾气丸,四逆散,当归四逆汤,回阳救急汤,E
骨蒸潮热，盗汗遗精，咳嗽咯血，心烦易怒，足膝痛热，舌红少苔，尺脉数而有力，治宜选用？,清骨散,百合固金汤,大补阴丸,六味地黄丸,咳血方,C
热病后期，气阴两伤，余热未清，胃失和降，见身热汗出，渴饮少食，气逆欲呕，舌红苔少，脉虚数等。治宜选用？,竹叶石膏汤,麦门冬汤,白虎汤加人参汤,清暑益气汤,青蒿鳖甲汤,A
暑季，身热汗多，咽干口渴，体倦气短，舌红少津，脉虚细，治宜选用？,生脉散,白虎汤,自虎加人参汤,清暑益气汤,六一散,D
伤暑，发热头痛，恶寒无汗，口渴面赤，胸闷不舒，舌苔白腻，脉浮数者。治宜选用？,白虎汤,藿香正气散,新加香薷饮,柴葛解肌汤,清暑益气汤,C
往来寒热，胸胁苦满，心烦喜呕，心下满痛，大便不解，舌苔黄，脉弦数有力，治宜选用？,小柴胡汤,大柴胡汤,小承气汤,蒿芩清胆汤,四逆散,B
产后血虚受寒，恶漏不尽，少腹冷痛，治宜选用？,少腹逐瘀汤,失笑散,生化汤,当归补血汤,温经汤,C
患者一身面目俱黄，黄色鲜明，腹微满，口渴，小便不利，舌苔黄腻，脉沉数。治疗应选用？,三仁汤,茵陈蒿汤,萆薢分清饮,蒿芩清胆汤,甘露消毒丹,B
患者久病尿血，体倦乏力，气短声低，面色不华，舌质淡，脉弱。治疗应首选？,知柏地黄丸,无比山药丸,小蓟饮子,归脾汤,十灰散,D
汗出恶风，面色㿠白，舌淡苔薄白，脉浮虚软者，治宜选用？,当归六黄汤,牡蛎散,桂枝汤,玉屏风散,黄芪防己汤,D
胸胁疼痛，痛如针刺，痛处不移，舌边有淤点，脉弦涩，治宜选用？,血府逐瘀汤,桂枝茯苓丸,丹参饮,一贯煎,越鞠丸,A
患者久患水肿，水邪郁而化热伤阴，出现水邪潴留与津液亏耗并见之象。治疗应首选？,五苓散,五皮散,胃苓汤,猪苓汤,生脉散,D
肺‘肾阴虚，咳痰带血，咽喉燥痛，手足心热，骨蒸盗汗，舌红少苔，脉细数者，治宜选用？,咳血方,清燥救肺汤,百合固金汤,养阴清肺汤,六味地黄汤,C
孕妇三月，胎动出血，食少神疲，面色无华，气短乏力，舌淡苔白，脉细弱。治宜选用？,温经汤,胶艾汤,泰山磐石散,桂枝茯苓丸,肾气丸,C
治疗气虚发热的最佳选方为？,小建中汤,当归补血汤,生脉散,补中益气汤,炙甘草汤,D
治疗血虚发热的最佳选方为？,四物汤,胶艾汤,当归补血汤,归脾汤,炙甘草汤,C
患者寒热如疟，寒轻热重，口苦胸闷，干呕呃逆，胸胁胀痛，舌红苔白，脉数而右滑左弦。治疗应首选？,左金丸,小柴胡汤,逍遥散,蒿芩清胆汤,龙胆泻肝汤,D
主治脾肾虚寒五更泻的方剂是？,参苓白术散,附子理中汤,四神丸,真人养脏汤,补中益气汤,C
主治外感风邪头痛的方剂是？,镇肝熄风汤,川芎茶调散,玉真散,消风散,桂枝汤,B
风邪初中经络，舌强不能语言，手足不能运动者，治宜选用？,大秦艽汤,牵正散,天麻钩藤饮,地黄饮子,小活络丹,A
风寒感冒兼胸脘痞闷，食少纳呆，脉濡者，治疗应首选？,荆防败毒散,香苏散,杏苏散,羌活胜湿汤,三仁汤,D
患者热痢腹痛，里急后重，便下脓血，赤多白少，身热渴饮，舌红苔黄，脉弦数。治宜选用？,芍药汤,白头翁汤,龙胆泻肝汤,葛根芩连汤,半夏泻心汤,B
该证的病机为？,湿热壅滞大肠,热毒内陷下焦血分,肝经湿热下注,阳明气分肠热,燥热内结阳明,B
该证的治疗立法为？,清热化湿，调理气血,清热解毒，凉血止痢,清利肝经湿热,清肠止利,通腑泻热,B
某患者虚劳病，症见身形寒热，手心发热，口中燥渴，神疲食少，舌淡脉虚。首先考虑不被选用的方剂是？,小建中汤,炙甘草汤,当归补血汤,温经汤,大补阴丸,E
如患者兼见腹痛喜温喜按，面色无华，脉虚而细弦等，治宜选用？,香砂六君子汤,理中汤,当归补血汤,当归建中汤,大建中汤,D
如患者兼见久咳不止，咳痰夹血，心悸气短，舌淡苔光等，治宜选用？,小建中汤,百合固金汤,泻白散,补肺阿胶汤,炙甘草汤,E
某病人，患慢性痢疾五年，继发便秘，腹痛，手足不温，舌淡苔白厚，脉沉弦等证。此证应诊断为？,大肠湿热,阳虚冷积,脾肾寒湿,阳明热结,肝脾不调,B
治疗立法应为？,温阳健脾，攻下冷积,调和气血，清热解毒,温肾暖脾，固肠止泻,泻热通腑，行气导滞,健脾调肝，行气开郁,A
治疗宜选方剂是？,四神丸,温脾汤,芍药汤,小承气汤,四逆散,B
外感风寒，证候表现为恶寒发热，无汗肢冷，倦怠嗜卧，舌淡苔白，脉沉无力，且用辛温发表药汗不出。该证候应为？,少阴里寒证,风寒表虚证,风寒表实证,阳虚外感风寒证,气虚外感风寒证,D
该证治疗的立法是？,温肾散寒,助阳益气，外散风寒,解肌发汗，调和营卫,辛温发汗，宣肺平喘,祛风散寒，益气和中,B
该证治疗的应选方剂是？,败毒散,再造散,参苏饮,桂枝汤,葱白七味饮,B
患者大便下血，血色暗淡，时有吐血或衄血，面色萎黄，四肢不温，舌淡苔白，脉沉细无力。此证的病机应为？,湿热蕴结大肠，损伤血络,阳虚不能摄血，气血两虚,脾虚气陷，肠失固摄,中焦虚寒，气不摄血,阴虚火旺，迫血妄行,B
此证的治法应设为？,疏风化湿，清肠止血,健脾益气，升阳举陷,温中散寒，化瘀止血,温阳健脾，养血止血,滋阴降火，凉血止血,D
该证治疗应选方剂？,理中汤,固经汤,黄土汤,四生丸,槐花散,C
已知某方剂的组成为：白芍20g、黄芩10g、黄连10g、枳实9g、大黄9g、当归6g、肉桂3g、木香6g、甘草6g。3剂，水煎温服，日1剂，分上、下午服。与该方组成最为接近的古方是？,大柴胡汤,枳实导滞丸,小承气汤,葛根芩连汤,芍药汤,E
推测该方的功用为？,和解少阳，清泻阳明,导滞下积，清热祛湿,清泻肠热，调和气血,泻下热结，行气消痞,调和肝脾，清肠止利,C
已知本方主治腹痛下利，红白相兼，里急后重，推测其证候病机为？,湿热或热毒壅滞大肠的痢疾,燥热结滞阳明的下利,脾虚肝旺的下利,饮食停积的下利,疫毒痢,A
于某，男，60岁。二十多年来，每于冬季即发咳喘，近三年来发作频繁，甚至常年不止，痰多而白黏，纳呆脘胀，气短乏力，动则喘促自汗，以致不能参加劳动。昨日又受风寒，咳喘大作，喉中痰鸣，喘息不得卧，痰量多而色黄稠，微恶寒，无汗，苔黄厚腻，脉滑数。该病例辨证为？,内停寒饮，外感风寒,内蕴痰热，外受风寒,外感风寒，肺失宣降,外感风寒，痰湿壅肺,痰热壅肺，肺失宣降,B
治疗立法宜为？,宣肺平喘，清热化痰,外散风寒，内化寒饮,解表散寒，宣肺平喘,清泻肺热，化痰平喘,疏散风寒，燥湿化痰,A
最佳选用方剂为？,清气化痰丸,苏子降气汤,麻黄汤,小青龙汤,定喘汤,E
上例患者服药五剂，已不恶风寒，喘息大减，痰嗽见少，但仍有黄稠痰咳出，心下痞满，舌苔黄而微腻，脉滑数。此证当辨为？,痰湿壅肺,痰热互结,燥痰内结,湿热互结,痰瘀互结,B
治法应立为？,清热化痰,燥湿化痰,润燥化痰,清热祛湿,化痰逐瘀,A
治宜选用？,二陈汤,半夏泻心汤,小陷胸汤,止嗽散,瓜蒌贝母散,C
上例患者经治疗月余，咳喘已基本消失，时有咳痰，气短神疲，食少便溏，胸脘胀闷，舌淡苔白腻，脉弱。辨证当为？,脾气下陷,肺肾气虚,脾虚湿阻,气血两虚,湿阻气滞,C
治法应立为？,补脾益气，升阳举陷,健脾益气，补肾温阳,补脾益气，渗湿化痰,益气养血，健脾补肺,理气燥湿，止咳化痰,C
治宜选用？,肾气丸,补中益气汤,参苓白术散,炙甘草汤,平胃散,C
周某，男，28岁。正值冬季“流感”流行，突发高热，微恶寒，鼻涩流涕，头痛咽痛，无汗，口渴尿黄，舌尖红，苔薄黄，脉浮数。此证当辨为？,外感风寒，肺经蕴热,外感风热，肺失宣降,外感风热，卫表郁滞,外感风邪，营卫不和,燥热犯肺，肺胃津伤,C
治法应立为？,辛凉透表，清热解毒,疏散风热，宣肺止咳,发散风寒，兼清肺热,解肌发汗，调和营卫,清宣燥热，养阴生津,A
治宜选用？,桂枝汤,桑杏汤,大青龙汤,桑菊饮,银翘散,E
上例患者服用复方阿司匹林并注射青霉素，药后汗出，热度稍减，但次日体温更高，体温39.7℃，头痛加剧，身热烦躁，咳而时有喘息，汗出不畅，口渴，舌红苔黄，脉浮滑数有力。此证应辨为？,阳明热甚,肺胃津伤,邪热壅肺,营分热甚,肺热痰壅,C
治疗立法应为？,清泻胃热,清养肺胃,清营透热,清肺化痰,宣泄肺热,E
治宜选用？,白虎汤,竹叶石膏汤,清营汤,清气化痰丸,麻杏石甘汤,E
上例患者经治疗，热势稍减，但咳出腥臭脓稠黄痰，痰中夹血，胸中胀痛，大便干结，舌红苔黄腻，脉滑数。此证应辨为？,痰热阻肺，肺失宣降,肺热未清，痰瘀互结,肺热壅甚，灼伤肺络,邪热壅肺，气滞血瘀,痰瘀互结，胸阳痹阻,B
治疗立法应为？,清热化痰，宣肺平喘,清肺化痰，逐瘀排脓,清泻肺热，凉血止血,宣泄肺热，行气散瘀,化痰逐瘀，宣降肺气,B
治宜选用？,清气化痰丸,千金苇茎汤,咳血方,血府逐瘀汤,瓜蒌薤白半夏汤,B
上例患者服药三剂后，吐出大量脓痰，大便通畅，胸中舒坦，自行停药。但近几天，又觉胸中烦热，咳嗽气逆，午后皮肤蒸热，食少神疲，舌红苔薄黄，脉细数无力。此证应辨为？,肺中伏热，气阴被耗,阴虚燥热，肺失宣降,肺肾两虚，虚火灼肺,肺脾两虚，土不生金,肺阴不足，复感风热,A
治疗立法应为？,清肺止咳，养胃生津,养阴润肺，降气止咳,滋肾润肺，清降虚火,健脾益气，培土生金,补肺养阴，疏风散热,A
治宜选用？,泻白散,麦门冬汤,百合固金汤,炙甘草汤,补肺阿胶汤,A
上例患者经治疗，2周来已不发热，但咳嗽不止，语声低微，汗多气短，心悸而烦，口渴欲饮，舌红无苔，脉细微。此证应辨为？,外感燥热的肺痿,气阴两虚的肺痿,肺肾两虚的肺痿,阴阳气血俱虚的肺痿,肺脾两虚的肺痿,B
治疗立法应为？,清宣燥热，益气补肺,益气养阴，敛肺止咳,滋肾养阴，清热补肺,滋阴养血，温阳益气,健脾补肺，益气固表,B
治宜选用？,清燥救肺汤,生脉散,百合固金汤,复脉汤,玉屏风散,B
阎某，男，45岁。右手及足趾坏死剧痛约2个月。就诊前8个多月，右足因脚气破溃感染，经久不愈。近2个月来右足1、2趾均发黑坏死，右拇指甲下红肿溃烂，且有死骨外露，疼痛日益加剧，甚则痛不可忍。检查：双手1、2、3指尖溃烂腐臭，右拇指甲下红肿灼热，末节指骨外露，双侧桡动脉波动消失，右侧拇趾近跖趾关节处可见坏死溃疡，延及2趾外侧，右足背，胫后动脉搏动亦消失。舌质红绛，舌苔黄燥，脉滑数。中医诊断为“脱疽”，西医诊为“血栓闭塞性脉管炎，四肢性坏死溃疡期”。此证中医病机应辨为？,湿毒内蕴，气血两伤,火毒内炽，气滞血瘀,毒热蕴结，阴液耗伤,热入营血，血热瘀滞,痰湿瘀结，脉络痹阻,C
治疗立法应为？,祛湿解毒，益气养血,泻火解毒，行气活血,清热解毒，滋阴活血,清营凉血，散瘀止痛,化痰除湿，祛瘀通络,C
治疗宜选用？,黄连解毒汤合当归补血汤,五昧消毒饮合复元活血汤,四妙勇安汤合五味消毒饮,犀角地黄汤合仙方活命饮,阳和汤合犀黄丸,C
朱某，女，48岁。一年来心烦失眠，每于情绪激动而加重，同时伴有头晕目眩，急躁易怒，胸胁满闷，口燥咽干，舌质红，苔薄黄少津，脉弦细数。此证应辨为？,肝经湿热,肝经郁火，肝火上炎,阴虚肝旺，肝阳上亢,肝肾不足，心肝火旺,血虚肝郁，脾失健运,C
治疗立法应为？,平肝潜阳,疏肝泻火,清肝利湿,滋阴降火,疏肝健脾,A
治疗宜选用？,天麻钩藤饮,龙胆泻肝汤,六味地黄丸,泻青丸,丹栀逍遥散,A
上例患者近3个月来，失眠加重，并出现腰痰腿软，耳鸣遗精，心胸烦热，多梦健忘，大便干，小便短热，舌红苔少，脉细数。此证应辨为？,气血不足，心脾两虚,心火下移小肠,心肝火旺，火扰精室,心肾不足，阴虚火旺,肾虚精亏，膀胱湿热,D
治疗立法应为？,滋肾清热，补心安神,清肝泻火，宁心安神,清心利水,益气生血，健脾养心,补肾填精，清利湿热,A
治疗宜选用？,知柏地黄丸,导赤散,归脾汤,六味地黄丸合猪苓汤,天王补心丹,E
下列各项中，不属于“佐药”功用范畴的是,配合君、臣药加强治疗作用,消除或减弱君、臣药的毒性,针对某些次要症状发挥治疗作用,制约君、臣药的峻烈之性,针对主病起主要治疗作用,E
由逍遥散变化为黑逍遥散，属于,药味加减的变化,药量增减的变化,剂型更换的变化,药味加减和药量增减变化的联合运用,药量增减和剂型更换变化的联合运用,D
我国最早由政府组织编撰成的药典是,《金匮要略》,《肘后备急方》,《济生方》,《和剂局方》,《圣济总录》,D
由四逆汤化裁为通脉四逆汤属于,药味加减的变化,药量增减的变化,剂型更换的变化,药味加减与药量增减变化的联合运用,药味加减与剂型更换变化的联合运用,B
通常的八法不包括,补法,泻法,汗法,吐法,消法,B
与汗法无关的方剂类别是,表里双解剂,治风剂,祛湿剂,治燥剂,消食剂,E
不宜使用下法治疗的是,燥屎内结,停痰留饮,瘀血积水,宿食积滞,痞块癥瘕,E
不属于温里剂的方剂是,温脾汤,四逆汤,温胆汤,通脉四逆汤,理中汤,C
因药性峻猛，为了使其缓和发挥药效，因此作成丸剂,抵当丸,肾气丸,四生丸,金锁固金丸,朱砂安神丸,A
评价一个方剂优劣的主要依据是,药味组成的多少,方中所用药物的贵贱,药味组成、剂量、剂型、用法等均有交代,方中药物配伍与其治疗的病证病机相吻合,组方者是否是名医,D
我国目前现存最早的古代方书是,《五十二病方》,《千金方》,《成方切用》,《黄帝内经》,《普济方》,A
判定方中君药的主要依据是,方中用量最大的药物,兼有功效最多的药物,针对方证主要病机的药物,珍稀或贵重药物,无毒副作用且用量大的药物,C
与方剂学中“反佐”内容不相关的表述为,主治病证的病机涉及病重邪甚,大热病证服用大寒的方药后出现呕吐,使用与君药药性相反的药味,针对主治病证中的次要病理,药味少，药量较小,D
属于反佐药功用范畴的是,减君臣药之毒,缓和君臣药之峻,监制君臣药之偏,防止病重邪甚拒药,助君臣药之力,D
较多使用反佐药法的方剂是,补益剂和泻下剂,清热剂和温里剂,祛风剂和治燥剂,涌吐剂和开窍剂,解表剂和和解剂,B
“随证加减”通常是指,根据当前病证病机，对被选方剂中的任何部分进行的加味或减味,以当前病证与被选方方证接近为依据，对原方中的次要部分进行的加味或减味,随病证的变化而选用不同方剂,随病证的变化选配不同的药味,根据不同证情，医生不用成方而自己随机遣药组方,A
下列各项中哪项不是散剂的特点,不易变质,服用方便,吸收缓慢,节省药材,制备简便,C
临床将丸剂变为汤剂运用时，可能引起的变化不包括,产生新的功效,失去功效,作用缓急改变,功效强度改变,产生毒性,B
不宜空腹服用的是,泻下方药,补益方药,治疗病在四肢、血脉的方药,治疗病在下焦的方药,对胃肠有刺激的方药,E
较少使用丸剂的方剂类别有,补益剂,开窍剂,清热剂,消食导滞剂,化瘀消瘤剂,C
急救稀涎散属于,开窍剂,治风剂,涌吐剂,祛痰剂,泻下剂,C
解表剂不适用于,外感风寒,疮疡初起,麻疹已透,风温初起,水肿而有表证,C
开窍剂一般适用于,表邪未解，里热炽甚的神昏,阳明腑实的神昏谵语,汗出肤冷，气微遗尿的神昏,邪气壅盛，内闭心包的神昏,以上都不是,D
固涩剂可用于,阳明肠热的下利,热甚迫津的汗多,湿热下注的带下,阴虚血热的崩漏,火扰精室的遗精,E
理中丸除温中散寒外，还具有的功用是,和中缓急,降逆止呕,降逆止痛,养血通脉,补气健脾,E
不具有表里双解功用的方剂是,小青龙汤,五积散,九味羌活汤,竹叶柳蒡汤,青蒿鳖甲汤,E
下利兼有表证不宜选用的方剂是,人参败毒散,葛根芩连汤,芍药汤,香薷饮,桂枝人参汤,C
具有清泻三焦结热功用的方剂为,小承气汤,防风通圣散,石膏汤,葛根芩连汤,普济消毒饮,B
具有清利三焦湿热功用的方剂是,五苓散,猪苓汤,八正散,连朴饮,黄连解毒汤,C
具有“温化痰饮”功用的方剂是,苓桂术甘汤,二陈汤,温胆汤,瓜蒌薤白白酒汤,小陷胸汤,A
麻杏甘石汤的功用是,解表散寒，兼清里热,疏风解表，清肺泻热,辛凉宣泄，清肺平喘,辛凉透表，清热解毒,疏风泻热，宣肺止咳,C
理中丸的功用是,温中补虚，降逆止呕,温中散寒，补气健脾,温中补虚，和里缓急,温经散寒，养血通脉,温中散寒，降逆止呕,B
白头翁汤的功用是,清热解毒，凉血散瘀,清热凉血，消肿止痛,清热泻火，凉血止血,清热解毒，凉血止痢,清热化湿，涩肠止痢,D
新加香薷饮的功用是,祛暑清热,祛暑解表，化湿和中,辛温解表,祛暑解表，清热化湿,辛凉透表，解肌清热,D
生脉散的功用是,益气生津，养血复脉,益气生津，敛阴止汗,益气固表，敛阴止汗,益气固表，敛肺止咳,益气温阳，滋阴复脉,B
炙甘草汤的功用是,滋阴补肾，益气复脉,滋阴清热，养血复脉,益气养血，敛阴复脉,益气温阳，滋阴复脉,益气温阳，健脾补肺,D
一贯煎的功用是,滋补肝肾,滋阴疏肝,滋养肺胃,滋阴降火,温补肝肾,B
桑螵蛸散的功用是,温补脾肾，涩肠止泻,涩肠固脱，温养脾肾,调补心肾，涩精止遗,补脾益气，升阳止泻,补肾填精，缩尿止遗,C
旋覆代赭汤的功用是,行气散结，降逆化痰,宣肺降气，祛痰平喘,降逆化痰，益气和胃,益气清热，降逆和胃,行气开郁，化痰散结,C
定喘汤的功用是,清热解表，止咳平喘,宣肺降气，祛痰平喘,解表散寒，温肺化饮,降气平喘，温肺化饮,宣肺降气，清热化痰,E
苏子降气汤的功用是,宣肺降气，祛痰平喘,降气平喘，祛痰止咳,行气散结，宽胸散结,降气快膈，化痰消食,温化寒痰，下气消食,B
李东垣所创，主治劳倦伤脾所致的发热，称为“甘温除热法”的方剂是,竹叶石膏汤,小建中汤,补中益气汤,归脾汤,当归补血汤,C
复元活血汤的功用是,活血化瘀，消肿止痛,活血逐瘀，疏肝通络,攻下瘀血，荡涤胃肠,补血活血，化瘀生新,祛瘀活血，接骨续筋,B
温经汤的功用是,补血活血，祛瘀调经,活血祛瘀，缓消瘾块,温经散寒，祛瘀养血,温经活血，通络止痛,温经化瘀，养血通脉,C
补阳还五汤的功用是,温阳益气，散寒通脉,温经活血，行气止痛,行气活血，通络止痛,补气活血，散瘀通络,温补肾阳，强壮筋骨,D
具有缓消癥块功用的方剂是,复元活血汤与桃核承气汤,桃核承气汤与血府逐瘀汤,血府逐瘀汤与桂枝茯苓丸,桂枝茯苓丸与鳖甲煎丸,鳖甲煎丸与一贯煎,D
槐花散的功用是,清肠止血，养阴清热,清肠止血，疏风下气,清肠疏风，养血止血,益气健脾，养血止血,养阴清热，凉血解毒,B
小蓟饮子的功用是,凉血止血，清热利水,清热解毒，凉血止利,清肠止血，疏风下气,清心降火，育阴利水,清热泻火，凉血止血,A
清燥救肺汤的功用是,清燥养阴，益气补肺,滋肾润肺，清热化痰,益气养阴，敛肺止咳,养阴润肺，化痰止咳,清宣温燥，止咳化痰,A
羚角钩藤汤的功用是,平肝熄风，滋阴宁神,凉肝熄风，增液舒筋,镇肝熄风，滋阴潜阳,平肝熄风，清热活血,清热凉肝，化痰开窍,B
天麻钩藤饮的功用是,燥湿化痰，平肝熄风,滋阴养血，熄风止痉,平肝潜阳，熄风止眩,平肝熄风，清热活血,镇肝熄风，滋阴潜阳,D
地黄饮子的功用不涉及,化痰开窍,镇肝熄风,滋阴温阳,补肾,协交心肾,B
藿香正气散的功用是,宣畅气机，清热利湿,解表化湿，理气和中,温阳化气，利水渗湿,祛暑解表，清热化湿,以上都不是,B
半夏厚朴汤的功用是,行气解郁，化痰消痞,降逆化痰，消痞散结,行气散结，降逆和胃,温中散寒，除湿散满,开郁降逆，化痰散结,E
朱砂安神丸中泻火除烦的药物是,栀子,黄连,石膏,竹川,知母,B
暖肝煎的功用是,温补肝肾，行气止痛,行气疏肝，散寒止痛,行气止痛，软坚散结,温补脾肾，散寒止痛,滋肾润燥，疏肝行气,A
完带汤的功用是,健脾养血，收涩止带,补中健脾，祛湿止带,健脾补肾，收涩止带,健脾燥湿，清热止带,温养冲任，固经止带,B
实脾散的功用是,利水渗湿，温阳化气,温阳健脾，行气利水,解表化湿，理气和中,温阳利水,温中散寒，行气散满,B
具有宣畅气机，清利湿热功用的方剂是,平胃散,二妙散,三仁汤,八正散,五苓散,C
具有温肾益精，润肠通便功用的方剂是,增液汤,黄龙汤,麻子仁丸,济川煎,肾气丸,D
具有健脾消食，清热祛虫功用的方剂是,保和丸,肥儿丸,枳术丸,健脾丸,乌梅丸,B
枳术丸的功用是,消食和胃,健脾消痞,消食导滞,健脾和胃,行气涤饮,B
不具有解表散邪，止咳化痰功用的方剂是,桑杏汤,杏苏散,桑菊饮,止嗽散,香薷散,E
桑菊饮的主治证候为,温病邪在卫分的头痛身热，微恶风寒，无汗或有汗不多，口渴咽干，脉浮数,风温初起，风热犯肺所致但咳，身热不甚，口微渴,外感风邪，营卫不和所致头痛发热，汗出恶风，脉浮缓,肺热壅盛所致身热咳逆，气急鼻煽，脉滑数,以上都不是,B
小建中汤的主治为,中焦虚寒，自利不渴，腹痛呕吐，不欲饮食,虚劳里急，腹中时痛，喜得温按，舌淡苔白，脉弦细而缓,阳弱血虚，外受寒邪，手足厥寒，舌淡苔白，脉细欲绝,中阳虚衰，阴寒内盛，心胸中大寒痛，呕而不能食,胃中虚冷，食谷欲呕，胸膈满闷，或脘腹疼痛,B
旋覆代赭汤的主治为,脾虚胃热的食少、呕逆证,中虚痰阻的脘痞、噫气证,中虚寒热互结的脘痞、呕吐、下利证,阴虚阳亢的头眩、呕吐证,痰涎壅肺的咳嗽喘逆证,B
玉屏风散与牡蛎散相同的功用是,固表,涩肠,止遗,固冲,补肾,A
治疗痈疡肿毒阳证的代表方剂是,犀黄丸,阳和汤,小金丹,仙方活命饮,透脓散,D
可用于临床脾阳不足的肌衄证的方剂是,理中汤,四物汤,四生丸,四君子汤,七厘散,A
桂枝汤的组成药味是,桂枝、麻黄、杏仁、甘草、生姜,桂枝、芍药、生姜、大枣、人参,桂枝、芍药、生姜、大枣、大黄,桂枝、生姜、大枣、甘草、杏仁,桂枝、芍药、生姜、大枣、甘草,E
麻子仁丸的组成中不含,枳实,厚朴,大黄,芒硝,芍药,D
理中丸的组成药味是,干姜、白术、人参、甘草,人参、白术、茯苓、甘草,干姜、白术、茯苓、甘草,附子、干姜、白术、甘草,蜀椒、干姜、人参、饴糖,A
四物汤的组成药味是,生地、赤芍、当归、川芎,熟地、白芍、当归、川芎,生地、熟地、白芍、当归,熟地、赤芍、当归、川芎,熟地、阿胶、当归、川芎,B
五苓散的组成药味是,五加皮、茯苓、白术、陈皮、大腹皮,茯苓、猪苓、白术、泽泻、桂枝,茯苓、猪苓、泽泻、滑石、阿胶,猪苓、泽泻、白术、桂枝、甘草,泽泻、白术、猪苓、茯苓、茵陈,B
三仁汤中的“三仁”是指,杏仁、桃仁、郁李仁,火麻仁、杏仁、桃仁,杏仁、蔻仁、薏苡仁,桃仁、冬瓜仁、薏苡仁,松子仁、柏子仁、胡麻仁,C
二陈汤的组成药味是,半夏、茯苓、陈皮、甘草、生姜、乌梅,人参、白术、茯苓、甘草、半夏、陈皮,半夏、茯苓、陈皮、甘草、枳实、竹茹,苍术、厚朴、陈皮、甘草、半夏、茯苓,半夏、厚朴、苏叶、生姜、茯苓,A
四妙勇安汤的组成药味是,银花、连翘、麦冬、甘草,银花、生地、栀子、甘草,银花、元参、当归、甘草,银花、丹皮、赤芍、甘草,银花、白芷、防风、黄芪,C
小建中汤中配伍芍药的意义是,益阴养血，柔肝缓急,养阴复脉，柔肝缓急,益气养阴，缓急止痛,益气养血，复脉定悸,养阴补血，活血通脉,A
天台乌药散的组成中不含,巴豆、川楝子,青皮、槟榔,当归、肉桂,小茴香、木香,良姜、乌药,C
独活寄生汤的组成中不含,秦艽、防风、细辛,杜仲、牛膝、肉桂,人参、茯苓、甘草,地黄、芍药、川芎,羌活、白术、续断,E
养阴清肺汤的组成中不含,丹皮、芍药,元参、生地,贝母、薄荷,麦冬、甘草,桔梗、杏仁,E
血府逐瘀汤的组成中不含,桃仁、红花、川芎,当归、生地、甘草,柴胡、赤芍、牛膝,桔梗、枳壳,香附、丹皮,E
乌梅丸的组成中不含,黄连、黄柏,细辛、干姜,使君子、槟榔,附子、桂枝,川椒、当归,C
组成中不含牛膝的方剂是,济生肾气丸,玉女煎,济川,镇肝熄风汤,清胃散,E
组成中不含人参、大枣、甘草的方剂是,小柴胡汤,半夏泻心汤,旋覆代赭汤,保和丸,橘皮竹茹汤,D
组成中含有苦寒清热药的方剂是,羚角钩藤汤,天麻钩藤饮,阿胶鸡子黄汤,大定风珠,紫雪,B
小青龙汤中主治外寒的主要配伍药味是,麻黄、桂枝、细辛,桂枝、芍药、甘草,芍药、细辛、五味子,干姜、细辛、半夏,干姜、细辛、麻黄,A
至宝丹的功用是,化瘀开窍，解毒辟秽,豁痰开窍，化浊解毒,化痰开窍，熄风止痉,芳香开窍，解毒辟秽,清热开窍，化浊解毒,E
辛凉解表剂中有时配伍少量辛温解表药，其目的在于,发散风寒,助透表邪外出,解肌发汗,监制方中寒凉，以防凉遏,通络止痛,B
解表透疹方的结构一般不包括,透疹药物,解表散邪,清热解毒,养阴生津,凉血止血,E
左归丸与一贯煎相同的功用是,滋阴,疏肝,补脾,降火,养血,A
止血剂组方中较少伍用,理气药,养血药,活血药,清热药,益气药,A
温里剂组方中，最常与温里药配伍的是,滋阴药,解表药,活血药,补气药,固涩药,D
固涩剂组方中，最常与固涩药配用的是,清热药,温里药,泻下药,利湿药,补益药,E
祛痰剂组方中较少配用,补益药,祛湿药,理气药,清热药,温里药,A
理中汤中的君药是,人参,干姜,白术,甘草,以上均不是,B
一贯煎中的君药是,枸杞子,地黄,麦冬,沙参,川楝子,B
人参败毒散中的君药是,羌活、独活,前胡、柴胡,人参、茯苓,桔梗、枳壳,川芎,A
大枣在十枣汤中是,君药,臣药,君药和佐药,佐药,使药,D
半夏泻心汤所治心下痞是由何因所致,太阳病误下,少阳病误下,阳明病下之过早,阳明病应下失下,太阳病大下后，复发汗,B
苓桂术甘汤与真武汤主治的主要不同点为,痰饮与水气,胸胁支满与小便不利,中阳不足与肾阳不足,脉弦滑与脉沉,心悸与肢冷,C
苏某，女，45岁。素体虚弱，容易感冒。10年前因感冒发生咳喘，近2年来发作频繁，痰色白清稀多泡沫。昨天遇冷着凉，咳喘又发，痰多稀白，胸闷不舒，发热头痛，恶寒无汗。舌苔白滑，脉浮紧。此证应辨为,风寒束表，肺失宣降,内停寒饮，外感风寒,外感风寒，痰湿内阻,痰湿壅肺，肺气不降,外感风寒湿，内停痰浊,B
治疗立法应为,发散风寒，温肺化饮,辛温发汗，宣肺平喘,发散风寒，除湿化痰,燥湿化痰，降肺平喘,散寒除湿，化痰降浊,A
治疗宜选用,三拗汤,麻黄汤,苏子降气汤,定喘汤,小青龙汤,E
上例患者服药三剂，表证已解，喘逆渐平。但时有咳嗽，吐出清稀痰涎，身形畏寒，头面部微肿，食少神疲，舌质淡，舌苔白滑，脉虚弦而迟。此证应辨为,脾胃气虚，运化无能,肺脾气虚，痰浊中阻,肺脾阳弱，寒饮内停,脾虚不运，痰湿内停,脾肾阳虚，寒湿内停,C
治疗立法应为,补肾健脾，温化寒湿,温阳健脾，化饮止咳,益气健脾，养胃和中,健脾益气，化痰除湿,健脾补肺，理气化痰,B
治疗宜选用,实脾散,四君子汤,六君子汤,苓甘五味姜辛汤,参苓白术散,D
林某，男，32岁。嗜食辛辣，经常牙龈肿痛，大便秘结。今牙痛又犯，口臭，牙龈红肿连及面颊，心胸烦热，渴喜凉饮，舌质红，苔黄，脉洪数有力。此证应辨为,胃中伏火，循经上灼,少阴不足，阳明火旺,温病阳明气分热甚,心脾积热,脾胃湿热,A
治疗立法应为,滋肾壮水，清胃泻火,清泻心脾积热,清泻胃火，凉血消肿,清热泻火，生津除烦,清热化湿，醒脾和中,C
治疗宜选用,玉女煎,泻黄散,清胃散,白虎汤,甘露消毒丹,C
上例患者自服牛黄清胃丸而缓解，但未能坚持治疗。近半月来，头晕目眩，胃脘灼痛，胁肋隐隐作痛，饮食减少，咽干口燥，大便秘结，舌红苔少，脉细数而弦。此证应辨为,肝郁脾虚，肝脾不调,胃热伤阴，阴虚肝滞,肝郁化火，肝胃不和,胃阴不足，虚火内炽,胃肠燥热,B
治疗立法应为,养血疏肝，健脾助运,清泻肝火，降逆和胃,滋阴养胃，清热降火,滋阴润燥，舒肝和胃,清泻阳明燥热,D
治疗宜选用,调胃承气汤,一贯煎,逍遥散,左金丸,大补阴丸,B
赵某，男，54岁。患者体胖，一年来时有胸中憋闷，累则加重，休息得缓解。昨日因天气骤冷，胸痹复发，胸中憋闷而胀痛，舌淡胖，苔白腻，脉弦迟。此证应辨为,痰浊内结，痹阻胸阳,脾虚不运，痰浊内阻,脾阳不足，寒湿中阻,阳虚血弱，寒滞经脉,心肾阳虚，寒饮犯肺,A
治疗立法应为,温补阳气，温化寒饮,通阳散结，行气祛痰,温经养血，散寒通脉,温中散寒，益气健脾,健脾助运，化痰降浊,B
治疗宜选用,四逆汤,当归四逆汤,瓜蒌薤白白酒汤,理中汤,苓桂术甘汤,C
上例如患者伴有心前区刺痛，舌质紫暗，脉细而涩，治疗宜选配,失笑散,复元活血汤,小活络丹,桂枝茯苓丸,金铃子散,A
上例患者未能坚持治疗，继发气短，心悸。近日来胸痛心悸，发作频繁。现心中悸动不宁，气短神疲，舌质淡苔少，脉细弱，动而一止，不能复还。此证应辨为,肺脾不足，气虚血瘀,心阳不足，神失所养,气血不足，心脾失养,心肾两虚，水火失交,阴血不足，气虚阳弱,E
治疗立法应为,调补心肾，协交水火,温通心阳，宁神定悸,益气健脾，补血养心,健脾补肺，活血散瘀,滋阴养血，益气温阳，复脉定悸,E
治疗应选用,桑螵蛸散,朱砂安神丸,归脾汤,炙甘草汤,补阳还五汤,D
孙某，男，8岁。近日来口舌生疮，并觉心烦，口渴，尿黄，尿道灼热感，舌嫩红，舌苔薄黄，脉数。此证应辨为,阴虚火旺,阳明胃热,脾胃湿热,心火亢旺,下焦湿热,D
治疗立法应为,清心利尿,清泻胃火,清热化湿,清利湿热,滋肾降火,A
治疗宜选用,知柏地黄丸,清胃散,茵陈蒿汤,八正散,导赤散,E
上例患儿服用清热泻火药后，舌疮、口渴已解。唯心烦、尿热不除，伴有腰膝疫软，手足心热，夜间尤觉咽干，但不欲多饮，舌红苔少，脉细数。此证应辨为,肾阴不足，阴虚内热,肝肾两亏，阴虚阳亢,阴分伏火,肺肾两虚，虚火上扰,心肝火旺,A
治疗立法应为,滋阴透热,滋肾清热,滋阴潜阳,滋养肺肾,清心泻肝,B
治疗宜选用,青蒿鳖甲汤,六味地黄丸,天麻钩藤饮,黄连解毒汤,杞菊地黄丸,B
朱某，女，23岁。3年来，月经常提前而至，每次行经需10余日才止，量多色淡，皮肤经常出现紫斑，并觉头晕眼花，心悸气短，失眠多梦，食欲减退，精神不振，皮肤枯涩，面色萎黄，身体消瘦，舌淡苔薄，脉细弱。此证应辨为,心肾两虚，阴虚火旺,肝肾不足，阴虚阳亢,肝阴血虚，心神失养,血虚肝郁，脾虚不运,气不摄血，心脾两虚,E
治疗立法应为,益气养血，健脾疏肝,滋养心肾，清降虚火,滋养肝肾，平肝潜阳,滋阴养血，清热除烦,益气摄血，补脾养心,E
治疗宜选用,酸枣仁汤,大定风珠,天王补心丹,归脾汤,逍遥散,D
如患者月经又至，量多不止，腰膝俊软，脉微细，可选用,固经汤,补中益气汤,固冲汤,大补阴丸,归脾汤,C
钱某，女，25岁。患者平素沉默少言，虽有不快，亦郁闷心中。近半年来常感胸胁部隐隐作痛，胸闷，善太息，情志抑郁，饮食减少，脘胀不适，月经量少，时有发热或恶寒，舌淡苔薄白，脉细弦。此证应辨为,肝郁气滞，营卫不和,肝郁脾虚，气滞血瘀,肝郁血虚，肝脾不调,肝郁化热，脾虚湿阻,脾虚不运，肝郁气滞,C
治疗立法应为,行气疏肝，调和营卫,疏肝健脾，行气活血,疏肝清热，健脾养胃,健脾助运，行气疏肝,养血疏肝，健脾和营,E
治疗应选用,归脾汤,四逆散合桂枝汤,柴胡疏肝散,小柴胡汤,逍遥散,E
如患者兼有急躁易怒，心胸烦热，舌红苔黄，脉细弦数等证。其病机为,肝郁化火,肝阳上亢,心火上炎,血虚燥热,阴虚火旺,A
治疗宜在选方中加用,地骨皮、青蒿,丹皮、山栀,黄芩、黄连,知母、黄柏,熟地、鳖甲,B
武某，女，28岁。白带量多已两年。带下色白清稀，无味，连绵不断，口淡食少，腹胀便溏，身疲乏力，面色萎黄，舌淡苔白，脉弱左关部微弦。该患者证候病机当为,脾虚肝郁，湿浊下注,脾肾两虚，冲任不固,肝脾不调，湿热下注,脾虚气弱，清阳下陷,血虚肝郁，脾虚不运,A
治疗立法应为,调和肝脾，清利湿热,健脾舒肝，祛湿止带,健脾益气，升阳举陷,温阳脾肾，固摄冲任,养血疏肝，健脾助运,B
治疗本证最无可能被选的方剂是,补中益气汤,参苓白术散,五苓散,四物汤,香砂六君子汤,D
治疗最宜选用的方剂是,固冲汤,易黄汤,补中益气汤,完带汤,逍遥散,D
如患者兼有腰膝疫软，随证方剂中则不宜加用,菟丝子和枸杞子,杜仲和牛膝,龟板和知母,桑寄生和狗脊,桑螵蛸和莲子,C
归脾汤中的君药是,炙甘草,人参,黄芪,当归,陈皮,C
越鞠丸中的君药是,山栀,川芎,香附,神曲,苍术,C
镇肝熄风汤中的君药是,龟板、玄参,天冬、麦冬,牛膝、代赭石,芍药、川楝子,龙骨、牡蛎,C
清燥救肺汤中的君药是,人参、麦冬,石膏、桑叶,枇杷叶、杏仁,胡麻仁、阿胶,甘草、人参,B
六味地黄丸中针对少阴的补泻配伍药对是,熟地黄与泽泻,泽泻与山萸肉,山萸肉与丹皮,丹皮与茯苓,茯苓与山药,A
含有黄芪、穿山甲的方剂是,小活络丹,复元活血汤,透脓散,阳和汤,仙方活命饮,C
温经汤中含有,干姜、细辛,炮姜、附子,吴茱萸、桂枝,生地、熟地,桃仁、红花,C
不含甘草的方剂是,当归四逆汤,桂枝汤,四逆散,黄芪桂枝五物汤,小建中汤,D
不含有麝香的方剂是,苏合香丸,回阳救急汤,至宝丹,安宫牛黄丸,阳和汤,E
含有罂粟壳的方剂是,止嗽散,四神丸,固冲汤,真人养脏汤,金锁固精丸,D
当归用量独重的方剂是,当归补血汤,四物汤,补阳还五汤,生化汤,血府逐瘀汤,D
完带汤中用量较大的药昧为,人参、苍术,苍术、白术,白术、山药,山药、白芍,白芍、柴胡,C
补阳还五汤中黄芪与方中其他活血药配伍最接近的比例是,1：1,2：1,3：1,4：1,5：1,E
具有补气生血功用的方剂是,四君子汤,参苓白术散,当归补血汤,补中益气汤,生脉散,C
炙甘草汤中用量最大的药味是,炙甘草,桂枝,大枣,地黄,阿胶,D
旋覆代赭汤中用量不宜大的药味是,旋覆花,代赭石,半夏,人参,大枣,B
原方黄芪用量约10倍于其他药物的方剂为,补中益气汤,补阳还五汤,泰山磐石散,黄芪桂枝五物汤,防己黄芪汤,B
麻杏石甘汤中用量最大的药味是,麻黄,杏仁,石膏,甘草,以上均不是,C
枳实薤白桂枝汤中，具有通阳散寒、降逆平冲作用的药用是,枳实,薤白,桂枝,厚朴,瓜蒌,C
麦门冬汤中麦冬与半夏的配伍比例为,1：1,2：1,5：1,7：1,10：1,D
仙方活命饮中用量大的药味是,白芷与防风,乳香与没药,银花与陈皮,赤芍与当归尾,穿山甲与皂角刺,C
方剂配伍中的“寒热并用”是指,针对病证中的寒热假象采用的反佐药法,针对君臣药的寒热偏性采用的佐制药法,针对病证中的寒热并存的病理采用的寒热兼顾的配伍,根据某些药物的特殊配伍功能而采用的寒热异性配伍,以上都不是,C
败毒散中作用少量人参的意义是,益气补虚,益气固表,扶正祛邪,补气生津,以上都不是,C
痛泻要方中配伍防风的主要意义是,发散肌中风湿,升发脾中清阳,散肝舒脾升清,祛风解痉止痛,疏散肠中风邪,C
犀角地黄汤中丹皮、赤芍的主要配伍意义是,清热凉血,活血散瘀,凉血散瘀,凉血解毒,凉血止血,C
清营汤中具有“透热转气”作用的主要药味是指,犀角与地黄,地黄与丹参,银花与连翘,黄连与麦冬,元参与竹叶,C
龙胆泻肝汤中配用生地、当归的意义是,滋阴养血,养血化瘀,补血止血,滋肾养肝,以上都不是,A
升麻在升麻葛根汤中的作用不涉及,解肌散邪,透疹,清热解毒,阳明引经,升阳举陷,E
苇茎在苇茎汤中的主要作用是,清泻肺热,生津止渴,化瘀排脓,利湿祛痰,和胃止呕,A
补中益气汤中君用黄芪，其作用不涉及,固表止汗,补气升阳,补气散邪,补气行水,补气健脾,D
与五苓散中桂枝配伍作用不相关的项是,解表散邪,平冲降,温阳化气,活血通脉,温经止痛,D
地龙在补阳还五汤中主要配伍意义是,清热平喘,利水消肿,活血通络,止痉熄风,以上均不是,C
当归补血汤中重用黄芪为君，意在,补气健脾,益气固表,补气生血,补气活血,益气升阳,C
阳和汤中配伍麻黄的意义在于,发散风寒,宣通阳气,宣肺平喘,利水,止汗,B
温经汤中配伍半夏的意义在于,燥湿化痰,和胃止呕,消痞散结,降逆化痰,通降阳明,E
苏子降气汤中配伍当归和肉桂的意义是,温肾纳气,养血补肝,温补下虚,祛痰止咳,温肾祛寒,C
补阳还五汤重用黄芪为君的意义在于,益气固表,益气补血,补气活血,益气固脱,健脾利水,C
生化汤中重用当归为君的意义在于,温经化瘀,温经止痛,补血活血,养血润燥,活血调经,C
柴胡在复元活血汤中的配伍意义不涉及,散邪透热,疏利肝胆,行气止痛,少阳、厥阴引经药,升清降浊,A
麦门冬汤中配伍半夏的意义在于,和胃降逆,降逆化痰,化痰散结,散结除痞,燥湿化痰,B
具有“滋阴透热”功用的药对为,银柴胡与胡黄连,石膏与知母,生地与元参,丹皮与柴胡,青蒿与鳖甲,E
具有“温阳化气行水”功用的药对是,附子与白术,白术与桂枝,桂枝与茯苓,茯苓与泽泻,泽泻与生姜,C
逍遥散中体现治肝“体用兼顾”的药对是,柴胡与白芍,白芍与当归,当归与白术,白术与茯苓,茯苓与薄荷,A
乌梅丸中体现“安蛔”法的配伍特征为,温清互用,补泻并用,以驱虫药为君,“酸苦辛”并用,佐用散寒止痛药,D
下列方剂中不含栀子的是,茵陈蒿汤,八正散,凉膈散,龙胆泻肝汤,仙方活命饮,E
桂枝汤中体现“调和营卫”的主要配伍药对是,桂枝与甘草,芍药与甘草,桂枝与芍药,芍药与大枣,桂枝与生姜,C
温阳通便，泻下寒积的常用配伍药对是,甘草与芒硝,附子与大黄,巴豆与桔梗,大黄与芒硝,桂枝与大黄,B
半夏白术天麻汤中主治风痰眩晕头痛的核心药对是,半夏、白术,半夏、天麻,天麻、白术,半夏、橘红,白术、茯苓,B
药味配伍中的“酸甘合化”的主要功用是,扶助阳气,滋助阴液,滋阴养血,生津止渴,固表敛汗,B
药味配伍中的“辛甘合化”的主要功用是,温补阳气,资助肾阳,扶助阳气,温通心阳,滋阴助阳,C
药昧配伍中的“苦辛并用”的主要功用是,除湿散满,升降气机,散结化痰,消食化滞,健脾和胃,B
清胃散中具有“升阳散火”作用的药味是,黄连,升麻,丹皮,当归,生地,B
玉女煎中具有“引火下行”作用的药味是,熟地,石膏,知母,麦冬,牛膝,E
平肝熄风方中常用的“柔肝荣筋，缓急解痉”药对是,阿胶与甘草,白芍与甘草,生地与甘草,麦冬与甘草,五味子与甘草,B
具有“健脾益气，祛风利水”功用的药对是,黄芪与白术,白术与茯苓,茯苓与桂枝,桂枝与防己,防己与黄芪,E
麻黄汤证与桂枝汤证的主要区别是,恶寒与恶风,喘逆与鼻鸣干呕,无汗与有汗,脉浮紧与浮缓,风寒表实与风寒表虚证,E
脾约丸主治阳明燥结便秘证，伴随的特征性症状为,口中燥渴,腹中满痛,小便数多,小便短少,脉浮数,C
芍药汤与白头翁汤的组成中均含有的药物是,黄芩,黄连,黄柏,大黄,秦皮,B
主治证中以“皮肤蒸热”为特征的方剂为,麻杏石甘汤,清营汤,银翘散,泻白散,青蒿鳖甲汤,D
与黄土汤中的便血症状无关的项是,远血,慢性长期大便隐血,下血色淡,下血色暗,下血色鲜红,E
与玉液汤主治证病机不符的症状是,口渴欲饮,小便短少,饮不解渴,气短神疲,脉细无力,B
养阴清肺汤主治证病机为,肺肾阴虚，虚火内炽,肺胃阴虚，虚火上炎,肝肾阴虚，虚火上炎,肺肾阴虚，复感疫毒,燥热伤肺，气阴两亏,E
麦门冬汤主治证候的病机主要涉及的脏腑是,心与肺,肺与胃,胃与脾,脾与肾,肾与肝,B
归脾汤主治证病机涉及的主要脏腑是,肺与脾,脾与心,心与肾,肾与脾,脾与肝,B
清营汤的功用是,清营养阴，凉血散瘀,清营养阴，宁心安神,清营凉血，养阴生津,清营透热，养阴活血,清营解毒，透热转气,E
玉女煎主治证病机涉及的主要脏腑是,阳明与少阴,少阴与厥阴,厥阴与太阴,太阴与少阴,少阴与太阳,A
吴茱萸汤主治证候不涉及,阳明寒呕,少阴寒甚下利,厥阴寒逆头痛,中焦虚寒，肝胃不和,少阴亡阳厥逆,E
玉液汤主治消渴病，其病机为,肺胃阴虚燥热,肾阳不足，蒸化无能,肺脾肾气虚，不能生布固摄津液,阳明胃热灼津,肝肾不足，阴虚火旺,C
清营汤证中不应包括,时有谵语,身热夜甚,舌绛苔少,烦渴引饮,斑疹隐隐,D
与龙胆泻肝汤主治不适应的是,妇女湿热带下,湿热下注之淋浊阳痿,肝火上炎之耳鸣耳聋,肝火内炽的胸胁灼痛,阴虚阳亢的头痛目眩,E
镇肝熄风汤的病机不涉及,肝肾阴虚,肝阳偏亢,肝风内动,肝气郁结,气血逆乱,D
保和丸不宜用于,饮食停滞的胃脘痛,饮食停滞的泄泻,饮食停滞的恶心呕吐,脾虚食滞的脘痞不食,饮食不节的嗳腐厌食,D
脾胃为寒湿所困，气机阻滞者，宜选用,藿香正气散,厚朴温中汤,连朴饮,天台乌药散,半夏厚朴汤,B
原方用法中要求服药“自小量始”的是,大承气汤,麻子仁丸,四逆汤,桂枝汤,白虎汤,B
符合大承气汤煎制方法的正确项是,先枳实、厚朴，继大黄，后芒硝,先枳实、厚朴，继芒硝，后大黄,先枳实、大黄，继厚朴，后芒硝,先厚朴、大黄，继芒硝，后枳实,先枳实、芒硝，继厚朴，后大黄,A
使用十枣汤时应,方中诸药味同煎,先煎大枣，再入煎其余药味,先煎大戟、芫花、甘遂，后入大枣,煎大枣取汤，余药味另研散，送服,先煎大戟、芫花，再入大枣，甘遂另研散送服,D
镇肝熄风汤组成药味中,全部药味均需要炮制,全部药味均用生品,龟板需炙，代赭石需煅,龙骨和牡蛎需煅,麦芽和川楝子需炒,B
六味地黄丸配伍涉及的“三阴并治”，其中三阴涉及的脏腑是,肺、脾、肾,脾、肾、肝,肾、肝、心,心、肺、脾,肺、脾、肝,B
以“辛开苦降、寒热并用”为配伍特征的方剂是,麻黄汤,四逆散,半夏泻心汤,苓桂术甘汤,苏子降气汤,C
不含有“培土生金”配伍原理的方剂是,泻白散,白虎汤,补肺阿胶汤,炙甘草汤,参苓白术散,B
组方涉及“泻木清金”原理的方剂是,龙胆泻肝汤,咳血方,泻青丸,四逆散,黄连解毒汤,B
百合固金汤的主治证候中常见,咳痰带血,干咳无痰,咳痰黄稠,咳痰不爽,咳喘不利,A
组成中含有滋养、镇摄、潜阳、酸敛等多类药的方剂是,大秦艽汤,回阳救急汤,大定风珠,朱砂安神丸,当归六黄汤,C
不含有“去性存用”配伍的方剂是,半夏泻心汤,竹叶石膏汤,温脾汤,附子大黄汤,麦门冬汤,A
配伍中含有“寓升于降”原理的方剂是,黄龙汤,大承气汤,补中益气汤,苏子降气汤,旋覆代赭汤,A
配伍中含有“寓降于升”原理的方剂是,补中益气汤,川芎茶调散,九味羌活汤,黄连解毒汤,济川煎,B
配伍中含有“寓散于敛”原理的方剂是,生脉散,四神丸,玉屏风散,小青龙汤,金锁固精丸,C
配伍中含有“寓敛于散”原理的方剂是,麻黄汤,川芎茶调散,牡蛎散,桂枝汤,生脉散,D
配伍中含有“寓泻于补”原理的方剂是,新加黄龙汤,六味地黄丸,左归丸,凉膈散,半夏泻心汤,B
配伍中含有“寓补于泻”原理的方剂是,小承气汤,葛根芩连汤,真人养脏汤,痛泻要方,十枣汤,E
制方涉及“益火之源，以消阴翳”原理的方剂是,四逆汤,理中汤,肾气丸,六味地黄丸,大补阴丸,C
制方中蕴含“清金泻木”原理的方剂是,左金丸,苇茎汤,补肺阿胶汤,泻白散,一贯煎,E
制方中蕴含“培土生金”原理的方剂是,八珍汤,补中益气汤,肾气丸,参苓白术散,咳血方,D
制方中蕴含“滋水涵木”原理的方剂是,大补阴丸,右归丸,镇肝熄风汤,天台乌药散,逍遥散,C
制方中蕴含“扶土抑木”原理的方剂是,参苓白术散,痛泻要方,柴胡疏肝散,杞菊地黄丸,健脾丸,B
制方中蕴含“滋水泻火”原理的方剂是,导赤散,黄连解毒汤,桑螵蛸散,百合固金汤,增液汤,A
制方不涉及“金水相生”原理的方剂是,麦味地黄丸,百合固金汤,养阴清肺汤,月华丸,一贯煎,E
下列表述中正确的项是,治疗外感凉燥和外感风寒证在组方用药上应有所不同,辛凉解表方中不能配伍辛温解表药,补血方常配补气药，但补气方不宜配用补血药,滋阴方左归丸在配伍上较六味地黄丸更合理,固涩方均以固涩药为方中君药,A
下列表述中不正确的项是,连翘在保和丸中的配伍意义是泻火解毒,升麻在清胃散中的配伍意义包括升阳散火,五子润肠丸中陈皮的配伍意义是理气行滞,小柴胡汤中人参的配伍意义是实脾祛邪,血府逐瘀汤中的牛膝配伍意义是祛瘀下行,A
旋覆花、代赭石在旋覆代赭汤中的配伍意义是,温胃化痰止呕,平冲降逆止呕,祛痰降逆和胃,镇冲逆除噫气,化痰消食和胃,C
