0,某女，25岁。腹胀，腰痛溶溶如坐水中，带下赤白。临床诊断最可能是,冲脉病证,任脉病证,督脉病证,带脉病证,以上都不是,D,A
1,患者心烦不得卧，口燥咽干，舌尖红，脉细数。其诊断是,太阴病证,厥阴病证,少阳病证,少阴热化证,少阴寒化证,D,A
2,某女，36岁。饥不欲食，面如漆柴，咳唾有血，善恐，心惕惕如人将捕之。临床诊断最可能是,手少阴心经病证,手太阴肺经病证,手厥阴心包经病证,足少阴肾经病证,足阳明胃经病证,D,A
3,某女，42岁。胸中烦热，口苦咽干，腹痛喜暖，大便稀溏。临床诊断最可能是,真寒假热证,真热假寒证,上热下寒证,表实里虚证,表热里寒证,A,A
4,某男，35岁。长期胃脘隐痛、喜温喜按，面白，神疲乏力，近日伴见鼻流清涕，微热，恶风。临床诊断最可能是,实中夹虚证,虚中夹实证,虚实并重证,里虚证,里实证,B,A
5,患者，男，40岁。身热不扬，汗出不畅，午后热甚，头身困重，小溲黄浊，舌苔黄腻，脉濡数。其发热属于,阳明经热,阴虚潮热,湿温潮热,阳明潮热,气虚发热,C,A
6,某男，65岁。肝硬化已3年，现腹胀如鼓，四肢消瘦，神疲乏力。临床诊断最可能是,虚中夹实证,实中夹虚证,虚实并重证,里实证,里虚证,C,A
7,某女，49岁。心悸，胸闷，气短3年，近日心前区刺痛，痛引左肩部、舌紫暗，脉涩。临床诊断最可能是,气滞血瘀证,气虚血瘀证,气虚证,血瘀证,气血两虚证,B,A
8,某男，58岁。胸胁胀满，咳唾引痛，舌苔白滑，脉弦。临床诊断最可能是,饮停于肺证,饮停胸胁证,痰湿阻肺证,肝气郁结证,寒邪客肺证,B,A
9,某男，43岁。胃脘胀满，口渴欲饮，水人则吐，胃中有振水声，苔白滑，脉弦，临床诊断最可能是,饮停于胃证,胃寒证,脾阳虚证,脾虚湿阻证,寒湿困脾证,A,A
10,某男，36岁。患胃病多年，今晚突然大量吐血，面唇俱白，冷汗淋漓，呼吸微弱，神志欠清，舌淡，脉浮大而散。临床诊断最可能是,气不摄血证,气血两虚证,气随血脱证,亡阳证,亡阴证,C,A
11,某女，32岁。近日头胀痛，身重瘦楚，发热，舌苔白滑，脉濡。临床诊断最可能是,湿淫证,暑淫证,风寒证,风湿证,暑温证,A,A
12,患者，女，24岁，已婚。闭经7个月，形体肥胖，胸胁满闷，呕恶痰多，面浮肿，舌淡苔白腻，脉沉滑。其证候是,肝肾不足,气血虚弱,痰湿阻滞,肝血不足,肺。肾阴虚,C,A
13,某男，8岁。3天前发热恶风，咽痛，今天面部及眼泡浮肿，小便黄少，苔薄白，脉浮数。临床诊断最可能是,脾虚湿阻证,阴水证,风水相搏证,肾虚水泛证,水湿困脾证,C,A
14,患者，女，28岁。3年来妊娠4次，均不足3个月而流产，伴带下清稀，腰部疫痛，舌淡苔白，脉弱。其证候是,肾气不固,肾精不足,肾阳虚,肝郁脾虚,脾阳虚,A,A
15,某女，19岁。每至经前一天开始小腹绞痛，经行第二天，下大量紫暗血块后，痛则缓解。舌淡苔白，脉弦迟。临床诊断最可能是,气滞血瘀证,寒凝血瘀证,肾阳虚证,冲任虚寒证,血瘀证,B,A
16,某男，29岁。身热，恶风汗出，口渴咽痛，鼻唇俱干，干咳无痰，舌苔黄干，脉浮数。临床诊断最可能是,温燥证,凉燥证,风热犯肺证,热邪壅肺证,肺阴虚证,A,A
17,某男，65岁。咳喘无力、痰清稀，心悸，胸闷气短，舌淡苔白，脉弱。临床诊断最可能是,肾不纳气证,肺气虚证,心肾阳虚证,心肺气虚证,心气虚证,D,A
18,某女，75岁。嗜睡，身疲乏力、畏寒肢冷，心悸，夜尿频多，舌淡嫩苔白，脉沉迟无力。临床诊断最可能是,脾阳虚证,心阳虚证,肾阳虚证,心肾阳虚证,湿困脾证,D,A
19,某男，66岁。咳喘无力，痰清稀，纳呆，腹胀，气短乏力，舌淡，脉弱。临床诊断最可能是,肺气虚证,脾气虚证,脾肺气虚证,肺肾气虚证,脾肾气虚证,C,A
20,某男，68岁。眩晕欲仆，语言謇涩，肢体麻木，舌绛苔少，脉弦数。临床诊断最可能是,肝阳上亢证,肝阳化风证,阴虚动风证,风痰阻络证,肝阴虚证,B,A
21,某男，28岁。结婚3年，女方从未受孕，经化验为“精子数量极少”。性生活正常，无任何不适感，舌脉正常。临床诊断最可能是,肾阳虚证,肾阴虚证,肾精不足证,肾气虚证,肾不纳气证,C,A
22,下列哪项不是胃气上逆的表现,干呕,嗳气,恶心,呃逆,太息,E,A
23,厌食油腻厚味，多见于,肝脾不调,肝胃不和,肝胆湿热,脾胃虚弱,脾湿不运,C,A
24,中医诊断学的基本内容是,四诊合参,整体观念,诊法与辨证,辨证求因和审因论治,辨病与辨证相结合,C,A
25,望神最主要的是观察,眼神变化,精神状态,面部表情,反应灵敏,语言气息,A,A
26,以下不属得神表现的为,目光精彩,神志清楚,形丰色荣,颧赤如妆,呼吸调匀,D,A
27,失神的病人突然神志清醒、语言不休者属,神乱,无神,假神,有神,少神,C,A
28,癫病的主要病机为,气郁化火，痰火扰心,阳明热盛，扰乱神明,痰气郁结，阻蔽神明,肝风挟痰，蒙蔽清窍,温病热人心包,C,A
29,《灵枢·五色》中的“藩”是指,耳门,眉间,鼻,颊侧,前额,D,A
30,以下所列项目不属白色主病范围者为,夺气,脱血,虚证,寒证,水饮,E,A
31,以下所列项目不属黑色主病范围者为,寒证,气滞,痛证,瘀血,肾虚,B,A
32,以下所列项目不属青色主病范围者为,痛证,惊风,寒证,瘀血,水饮,E,A
33,午后两颧发红者属于,外感风热,真寒假热,阴虚内热,脏腑实热,虚阳上越,C,A
34,形盛气虚者的表现为,肥而食少,胖而能食,形瘦食多,形瘦食少,骨瘦如柴,A,A
35,手足软弱无力、行动不灵而无痛者为,中风后遗症,痫证,痹证,痿证,瘫痪,D,A
36,咽喉漫肿、色淡红者的原因多为,肺胃积热,肾阴不足，虚火上炎,阳虚火浮,痰湿凝聚,气阴两虚，虚火上浮,D,A
37,肝经风热者易出现,眼胞赤烂,目眦红赤,全目赤肿,白睛淡黄,目窠微肿,C,A
38,望神最主要是观察,眼神变化,精神状态,面部表情,反应灵敏,语言气息,A,A
39,解颅是指,囟门下陷,囟门高突,囟门迟闭,头形过小,头面肿胀,C,A
40,咽喉色鲜红娇嫩、肿痛不甚者的原因为,肺胃积热,痰湿停滞,寒凝咽喉,阴虚火旺,胃中有热,D,A
41,牙龈红肿而痛者多属,肝火上炎,脾经有热,胃火上攻,胃阴虚火旺,肾阴虚火旺,C,A
42,以下不属主死的恶色者为,青如草兹,黄如蟹腹,赤如衃血,白如枯骨,黑如炱,B,A
43,脾在五轮学说中为,水轮,风轮,气轮,血轮,肉轮,E,A
44,突然出现片状脱发者为,肾虚,血虚受风,精血不足,阴虚火旺,津液亏损,B,A
45,小儿指纹色紫黑的主病为,热证,外感表证,风证,虚证,血络闭郁,E,A
46,小儿指纹色鲜红的主病为,内热,外感表证,痛证,虚证,血络闭郁,B,A
47,阴囊肿大而透明者为,狐疝,水疝,阴缩,阴茄,寒疝,B,A
48,白痦的出现是由于,湿郁汗出不彻,风热之毒阻于肺胃二经,风湿热邪留于肌肤,湿热火毒内蕴,营血虚而风邪中于经络,A,A
49,小儿囟门高突，多因,温病火邪上攻,脾胃虚寒,肾气不足,吐泻伤津,气血不足,A,A
50,颈侧颌下肿块如垒，累累如串珠者，称为,瘿瘤,痰核,瘰疬,发颐,梅核气,C,A
51,青壮年头发稀疏易落者，多属,精血不足,肾虚或血热,血虚受风,疳积,脾胃虚损,B,A
52,疮疡红肿高大，根盘紧束，焮热疼痛者为,疽,痈,疔,疖,热气疮,B,A
53,痰白而清稀，或有灰黑点者，属,湿痰,寒痰,热痰,燥痰,风痰,B,A
54,下列哪项不属于失神的表现,言语失伦,表情淡漠,倦怠乏力,面色晦暗,反应迟钝,A,A
55,温病病人在热入营分时，舌色应为,红,紫,青,绛,淡白,D,A
56,舌淡紫而湿润者主,气滞血瘀,气虚血瘀,寒凝血瘀,热毒极盛,阴液耗竭,C,A
57,以下项目中不属于病态舌形内容的为,胖大舌,肿胀舌,歪斜舌,点刺舌,裂纹舌,C,A
58,红绛舌，黄瓣苔，多属,湿遏热伏,胃肠燥热内结,阴虚火旺,邪热入营,痰热内阻,B,A
59,舌肿胀而青紫晦暗者，是由于,气血壅滞，将要发斑,心脾有热,湿热痰饮上溢,中毒,热毒炽盛，深入血分,D,A
60,舌淡胖嫩而见苔滑润者，其主病为,湿热不化,痰湿内停,内有食积,阳虚水湿不化,脾虚运化无权,D,A
61,以下项目中不属于望苔质内容者为,真假,润燥,剥落,老嫩,消长,D,A
62,观察舌苔以辨别病邪深浅的主要依据是,舌苔的有无,苔色的黄白,舌苔的有根无根,舌苔的厚薄,舌苔的润燥,D,A
63,气营两燔的舌象为,绛舌黄润苔,红绛舌类干苔,绛舌黏腻苔,绛舌黄白苔,绛舌薄白苔,D,A
64,舌青紫湿润而短缩的主病为,痰浊内阻,寒凝筋脉,肝风内动,热盛伤津动风,风气挟痰,B,A
65,阳热有余，蒸腾胃中腐浊邪气上升可形成,白腻苔,积粉苔,黄腻苔,腐苔,黏腻苔,D,A
66,下列除哪项外，均是舌颤动的病因,气血两虚,亡阳伤津,热极生风,酒毒所伤,心脾有热,E,A
67,舌淡白胖嫩，边有齿痕而又有裂纹者，多属,热盛伤阴,血虚不润,脾虚湿侵,寒湿壅盛,痰浊内阻,D,A
68,舌菌为,舌下血络肿起，好像又生一层小舌,舌上生痈，色红高起肿大,舌上生出豆粒大的紫色血泡，根脚坚硬,舌生疮疡，如粟米大，散在舌四周上下,舌生恶肉，初如豆大，渐渐头大蒂小，好像“泛莲”,E,A
69,腻苔的主要特征为,苔质颗粒细腻致密,苔质颗粒疏松，粗大而厚,舌苔水分过多，扪之湿而滑利,苔质颗粒不清,苔质燥裂如砂石，扪之粗糙,A,A
70,以下项目中不属于异常舌态者为,强硬,痿软,短缩,点刺,歪斜,D,A
71,温病病人在热人营分时，舌色应为,红,紫,青,绛,淡自,D,A
72,嗳气、呃逆、呕吐的病机是,肺气上逆,肝气上逆,胃气上逆,肝郁气滞,脾失健运,C,A
73,胃热病人的口气多为,腥气,酸气,臭秽气,恶臭气,腐臭气,C,A
74,肝气郁结证患者的闻诊特点多为,少气,呃逆,夺气,噫气,太息,E,A
75,恶心呕吐、呃逆嗳气等症频作，其病机是,痰浊上壅,肺气上逆,肝气上逆,胃气上逆,奔豚气逆,D,A
76,消渴病患者病室的气味可为,尸臭味,腐臭味,血腥味,尿臊味,烂苹果样气味,E,A
77,嗳气酸腐的原因为,龋齿,宿食不化,中焦湿热,脾胃虚弱,胃寒,B,A
78,“少气”又称,上气,短气,气微,噫气,哕,C,A
79,燥咳的特点为,咳声紧闷,咳声清脆,咳声重浊,咳声低微,咳声如犬吠,B,A
80,“太息”的病机是,肝气郁结,肝胆湿热,肝气犯胃,肝阴不足,肝火上炎,A,A
81,言语轻迟低微，欲言不能复言者，称为,谵语,郑声,独语,错语,夺气,E,A
82,神识不清，语无伦次，声高有力，称为,谵语,郑声,独语,错语,夺气,A,A
83,两侧头痛属于,厥阴经,太阳经,阳明经,少阳经,太阴经,D,A
84,多食易饥，兼见大便溏泻者属,脾胃湿热,胃阴不足,胃火亢盛,胃强脾弱,湿邪困脾,D,A
85,潮热最基本的特征是,低热,五心烦热,身热不扬,按时发热或定时热甚,骨蒸劳热,D,A
86,太阳经头痛的特点为,两侧太阳穴附近痛甚,前额部连及眉棱骨痛,巅顶痛,后头痛连项背,头痛连齿,D,A
87,湿浊内蕴，阳气被遏，可形成,灰苔,黑苔,腐苔,腻苔,花剥苔,D,A
88,金破不鸣的病机为,风寒犯肺,虚火灼肺,肺气不足,风热袭肺,燥邪犯肺,B,A
89,舌苔花剥而兼有白腻苔，多属,胃之气阴两亏,外感热病，湿遏热伏,痰浊未化，正气已伤,阳虚水湿不化,湿浊内蕴，阳气被遏,C,A
90,午后热甚，身热不扬者属,阴虚潮热,湿温潮热,小儿疰夏,阳明潮热,气虚发热,B,A
91,情志郁结不舒所致胸痛的特点是,胸背彻痛,胸痛喘促,胸痛咯血,胸痛走窜,胸部刺痛,D,A
92,小便余沥不尽多属,膀胱湿热,肾不纳气,肾气不固,肾精不足,小肠实热,C,A
93,引起雀目的原因为,肾精不足,心血不足,脾虚,肝虚,肝经风热,D,A
94,阳黄的病机是,风湿内侵,湿热内阻,寒湿困脾,脾虚湿阻,肝胆火盛,B,A
95,因瘀血而引起的疼痛特点为,胀痛,刺痛,窜痛,隐痛,重痛,B,A
96,邪犯阳明经所致之头痛部位为,太阳穴附近,前额部,后头部,巅顶部,头痛连齿,B,A
97,带下量多色白、清稀如涕者，多属,脾虚湿注,湿热下注,肝经郁热,冲任亏虚,肝肾阴虚,A,A
98,经常汗出不止，活动后更甚者为,盗汗,绝汗,自汗,大汗,战汗,C,A
99,口甜而黏腻者，常提示,脾虚湿阻,痰饮内停,饮食停滞,肝胆湿热,脾胃湿热,E,A
100,湿温潮热的特点是,热势较高，日晡为甚,身热不扬，午后热甚,午后低热,夏季长期微热,骨蒸劳热,B,A
101,以下项目中不属实热证的舌象为,舌鲜红起芒刺,苔黄厚干,舌质粗糙,舌淡有齿痕,苔黑燥裂,D,A
102,以下所列项目不属黑色主病范围者为,寒证,气滞,痛证,瘀血,肾虚,B,A
103,以下项目中不属淋证的特征者为,尿痛,尿频,尿多,尿有砂石,尿急,C,A
104,肝气犯胃所致胃脘痛的特点为,隐隐作痛,冷痛喜暖,痛如刀割,胀满疼痛,灼热疼痛,D,A
105,肾虚腰痛的特点为,绵绵作痛，瘦软无力,冷痛沉重，阴雨天加重,痛如针刺，固定不移,痛处游走不定,重痛，活动受限,A,A
106,金实不鸣的原因为,风寒犯肺,虚火灼肺,肺气不足,肺肾阴虚,燥邪犯肺,A,A
107,肩背寒见于,手阳明大肠经病证,手少阳三焦经病证,手太阴肺经病证,手少阴心经病证,手太阳小肠经病证,C,A
108,弱脉与濡脉的共同特征是,沉而无力,浮而无力,脉来空虚无力,细而无力,迟而无力,D,A
109,促脉的特征是,脉来数而时一止，止无定数,脉来缓而时一止，止无定数,脉来一止，止有定数，良久方来,脉来急疾，一息七八至,脉形如豆，滑数有力,A,A
110,下列除哪项外，均有脉率快的特点,数,促,滑,疾,动,A,A
111,以下项目中属于细脉的相似脉者为,微、弱、散脉,濡、弱、伏脉,微、濡、虚脉,虚、弱、微脉,微、弱、濡脉,E,A
112,以下项目中不属于代脉所主病者为,风证,痛证,脏气衰微,七情惊恐,宿食停滞,E,A
113,微脉的脉象特征为,沉细而软,浮细而软,举之无力，按之空虚,浮散无根，至数不齐,极细极软，似有似无,E,A
114,具备沉、实、大、弦、长形象特点的脉是,牢脉,紧脉,芤脉,伏脉,革脉,A,A
115,以下脉象中不主实证者为,紧脉,革脉,结脉,弦脉,滑脉,B,A
116,气分热盛的脉象为,虚数脉,洪数脉,濡数脉,细数脉,浮数脉,B,A
117,缓脉的主病为,水饮,痰证,湿证,食积,气滞,C,A
118,按寸口脉分候脏腑，左关脉可候,心与膻中,肾与小腹,脾与胃,肝、胆与膈,肺与胸中,D,A
119,气滞血瘀可见,虚脉,革脉,长脉,动脉,涩脉,E,A
120,“有根”的脉象是指,不浮不沉,节律一致,不快不慢,和缓有力,尺部沉取应指有力,E,A
121,《濒湖脉学》中记载的脉象有,28种,32种,24种,27种,33种,D,A
122,下列各项不属于弦脉所主的病证是,肝郁,胃热,诸痛,痰饮,疟疾,B,A
123,以下脉象中不易出现于气血两虚证者为,濡脉,弱脉,细脉,涩脉,虚脉,D,A
124,用不轻不重的指力切脉，称为,总按,单按,举,寻,按,D,A
125,解索脉的表现是,脉在筋肉之间，乍疏乍密.如解乱绳状,脉在筋肉间，连连数急，三五不调,脉在皮肤，头定而尾摇,脉在皮肤，如虾游水,脉在皮肤，浮数之极，至数不清,A,A
126,下列除哪项外，均主实证,弦,濡,滑,紧,长,B,A
127,“噫”是指,嗳气,太息,呕吐,喷嚏,呃逆,A,A
128,因血热引起的月经异常应除外,月经先期,色深红,质稠、量多,崩漏,经闭,E,A
129,虚里是指,左乳下心尖搏动处,心下,胃脘,少腹,胁肋,A,A
130,前胸高起，按之气喘者为,肺胀,悬饮,支饮,痰饮,肺痈,A,A
131,受气候的影响，平脉在冬季应,稍弦,稍洪,稍浮,稍沉,稍缓,D,A
132,沉脉类应除外,沉脉,伏脉,牢脉,弱脉,革脉,E,A
133,真脏脉的别名应除外,怪脉,斜飞脉,败脉,死脉,绝脉,B,A
134,数脉类应除外,数脉,促脉,疾脉,动脉,洪脉,E,A
135,腹部肿块，痛无定处，而按之无形者，为,聚,癓,积,虫积,臌胀,A,A
136,左少腹作痛，按之累累有硬块者为,虫积,肠痈,肠中有宿粪,癓积,痞满,C,A
137,阳虚湿盛的舌象是,舌红苔白滑,舌淡嫩苔白滑,舌边红苔黑润,舌红瘦苔黑,舌绛苔黏腻,B,A
138,我国最早注意病案的记录的医家为,钱乙,淳于意,张子和,喻嘉言,江瓘,B,A
139,少阴病的主要病理特征为,心气不足,阴血不足,心肾虚衰,脾肾阳虚,肺肾两虚,C,A
140,真寒假热证产生的机制是,阳虚则外寒,阴虚则内热,阳盛格阴,阴盛格阳,阴阳转化,D,A
141,督脉病证可出现,鼻塞头痛,下肢厥冷,大人癫疾，小儿风痫,气从少腹上冲胸咽,女子赤白带下,C,A
142,心血虚与心阴虚的共有症是,胸闷气短,头晕目眩，面白无华,五心烦热，潮热盗汗,心悸怔忡，失眠多梦,唇舌淡白，脉细数,D,A
143,表证和里证的主要鉴别要点是,腹泻与便秘,头痛与腹痛,口渴与不渴,有汗与无汗,“寒热同时出现”与“单纯发热或畏寒”,E,A
144,寒热在八纲辨证中用以辨别,病变的性质,病变趋势,病变部位,发病原因,邪正盛衰,A,A
145,气血两虚证的舌象是,舌质淡瘦,舌淡齿痕,舌尖芒刺,舌暗瘀点,舌红裂纹,A,A
146,湿热蕴脾与寒湿困脾两证均可出现,身热不扬,口淡不渴,肢体浮肿,带下色黄而臭秽,面目肌肤发黄,E,A
147,肾气不固的主要症状为,男子阳痿，妇女经闭,脘腹胀满，全身肿胀,五更泄泻，完谷不化,小便频数，遗尿或失禁,久病咳喘，动则尤甚,D,A
148,表证的特点是,但寒不热,但热不寒,恶寒发热,寒热交替,午后潮热,C,A
149,合病是指,一经之病治不彻底，又见他经证候,互为表里经相传,这一经的证候转变为另一经的证候,两经或三经同时发病,隔一经或隔二经相传,D,A
150,病邪初起不从阳经传人，而径中阴经者，称为,表里传,越经传,循经传,逆传,直中,E,A
151,少阴病的主要病理特征为,心气不足,阴血不足,心肾虚衰,脾肾阳虚,肺肾两虚,C,A
152,脾气下陷的特异症状是,脘腹坠胀,腹胀纳少,便溏肢倦,食少懒言,面色萎黄,A,A
153,真心痛的临床表现为,胸部胀痛走窜,胸痛憋闷，痛引肩臂,胸痛，壮热，面赤,胸背彻痛，面色青灰,胸闷疼痛，咳喘,D,A
154,门诊病案格式的书写顺序为,望、闻、问、切、辨证分析,望、闻、问、切、诊断、辨证分析,问、望、闻、切、辨证分析、诊断,望、闻、问、切、诊断,问、望、闻、切、诊断、辨证分析,C,A
155,神昏暴厥多属于,忧伤,恐伤,惊伤,怒伤,思伤,D,A
156,肾不纳气的临床表现为,腰膝痠软，小便频数而清,腰膝痠软，呼多吸少,腰膝痠软，眩晕耳鸣,腰膝痠软，五更泄泻,腰膝痠软，发脱齿摇,B,A
157,少阴热化证的心烦、不寐是因,热扰胸膈,热扰心神,内有燥屎,肝阳上扰,水亏火旺,E,A
158,患者，男，35岁。2日来发热微恶寒，口苦，胁痛，尿短黄，大便黏臭，舌红苔薄白，脉数。其证候是,表里俱热,表寒里热,真寒假热,真热假寒,表热里寒,A,A
159,久病患者，纳食减少，疲乏无力，腹部胀满，但时有缓减，腹痛而喜按，舌胖嫩而苔润，脉细弱而无力。其病机是,真实假虚,真实病证,真虚假实,真虚病证,虚中夹实证,D,A
160,某男，25岁。失眠已五年，面唇淡白无华，每晚入睡困难，只能睡五个小时左右，噩梦纷纭，心烦心悸，大便秘，舌淡苔薄白，脉细无力。临床诊断最可能是,心阴虚证,肝阴虚证,心血虚证,肝血虚证,气血两虚证,C,A
161,某男，22岁。心烦失眠1周，近因面临分配工作，心情烦躁，近一周入夜难眠，手足心自感发热，入夜咽干欲饮，舌红苔薄而于，脉细数。临床诊断最可能是,心阴虚证,肝阴虚证,肝火上炎证,心血虚证,心火亢盛证,A,A
162,某男，60岁。心悸、胸闷、气短已3年。近日加剧，面色淡白，神疲乏力，心悸时作，入夜不能安睡，舌淡苔白，脉弱。临床诊断最可能是,心气虚证,心阳虚证,气虚证,血虚证,亡阳证,A,A
163,某男，65岁。有“高血压”病史二十余年。近半月，常感左侧胸部闷痛，伴有心悸，形体肥胖，舌淡苔白腻，脉沉弦。临床诊断最可能是,心脉痹阻证,痰阻心脉证,肝气郁结证,血瘀心脉证,心阳虚证,B,A
164,某女，58岁。近半月因工作劳累过度，时感气短乏力，与别人争执后心前区胀痛，且放射到左肩背部，伴心悸失眠，舌淡红苔薄白，脉沉弦。临床诊断最可能是,心气虚证,肝气郁结证,气滞血瘀证,气滞心脉证,气虚血瘀证,D,A
165,某男，35岁。舌左侧长一个黄豆大小的溃疡已一周，局部灼痛难耐，烦躁易怒，失眠多梦，溲赤便干，舌红苔黄干，脉滑数。临床诊断最可能是,肝火上炎证,肝胆湿热证,心火亢盛证,胃火亢盛证,心阴虚证,C,A
166,某女，56岁。心前区疼痛已五年，每逢秋冬季加重，近半月时感心前区刺痛，且放射至左肩背部，伴心悸胸闷，舌质紫暗，脉细涩。临床诊断最可能是,痰迷心窍证,血瘀心脉证,寒凝心脉证,气滞心脉证,痰阻心脉证,B,A
167,患者，女，25岁。平素食少纳呆，体倦乏力，经常感冒。近日汗出恶风，劳累尤甚，面色少华，舌苔薄白，脉弱。其诊断是,哮证，肺虚,喘证，脾虚,自汗，肺卫不固,盗汗，阴虚火旺,胸痹，气阴两虚,C,A
168,某男，65岁。患慢性支气管炎已二十年。3天前受凉，恶寒微发热，无汗，咳喘，痰稀色白，舌苔薄白腻，脉浮弦。临床诊断最可能是,寒邪客肺证,风寒犯肺证,外感风寒证,痰湿阻肺证,饮停于肺证,B,A
169,某男，42岁。干咳1年，未认真治疗，近因参加劳动，咳嗽加剧，并咳血数口，现痰中带血丝，心烦，自感手足心热，睡时常出汗，小便少，大便干，舌红苔少而干，脉细数。临床诊断最可能是,燥邪犯肺证,热邪壅肺证,肝火犯肺证,肺阴虚证,以上都不是,D,A
170,患者咳逆阵作，痰中带血，时时汗出，胸胁胀痛，口苦咽干，尿黄便秘，舌红苔薄黄，脉弦数。其诊断是,肺痨，阴虚火旺,咯血，肝火犯肺,咳嗽，肝火犯肺,肺痈，成痈期,咳嗽，痰热郁肺,B,A
171,某男，33岁。咳嗽已月余。病起感冒后，咳嗽不止，痰少而黏，时或干咳无痰，心烦，手足心热，小便正常、大便稍干，舌红苔少而干，脉细。临床诊断最可能是,风热犯肺证,肺阴虚证,燥邪犯肺证,肝火犯肺证,热邪壅肺证,B,A
172,某女，65岁。咳喘l5年，每至冬季加重，面色淡白，咳声无力，动则气喘，痰清稀色白，四肢轻度浮肿，舌淡苔白，脉弱。临床诊断最可能是,肾不纳气证,肺气虚证,肺肾气虚证,心肺气虚证,脾肺气虚证,B,A
173,某女，24岁。半月前感冒后，咳嗽至今不愈，阵发性呛咳，痰少而黏，痰中偶有血丝，胸胁胀痛，头晕目赤，溲黄便干，舌苔薄黄，脉弦数。临床诊断最可能是,热邪壅肺证,风热犯肺证,肝火犯肺证,燥邪犯肺证,肺阴虚证,C,A
174,某女，52岁。患过敏性鼻炎已近十年，每遇气温变化即鼻塞流清涕，喷嚏不断，平素怕冷，面白，气短、自汗，舌淡苔白，脉沉细。临床诊断最可能是,肾阳虚证,肺气虚证,肺肾气虚证,风寒犯肺证,以上全都不是,B,A
175,患儿，男，3岁。发热5天，T38.5℃，恶风咳嗽，喉中痰鸣，呼吸气粗，鼻塞流浊涕，大便干，舌红苔薄黄，脉浮数。其最可能的诊断是,外感风热证,风热犯肺证,热邪壅肺证,痰热壅肺证,痰湿阻肺证,B,A
176,某男，38岁。患胃病已近十年，每日饭后，即感胃脘隐痛，饭后则胃脘胀闷不适。平素气短、乏力、神疲，大便不成形，每日一次，舌淡苔薄白，脉缓。临床诊断最可能是,胃气虚证,脾胃气虚证,脾阳虚证,胃阴虚证,以上都不是,B,A
177,某女，45岁。2天前食后受凉，腹泻不止，日行六七次，水样便，腹微痛，纳呆恶心，小便短少，舌苔白厚腻，脉缓。临床诊断最可能是,寒湿困脾证,胃寒证,脾阳虚证,外感寒湿证,以上都不是,A,A
178,患者，男，37岁。有饮酒史。脘腹胀闷作痛，吐血紫黯，夹有食物残渣，口苦口臭，尿黄便秘，舌红苔黄腻，脉滑数。诊为吐血，其证候是,胃热壅盛,肝火犯胃,气虚血溢,络瘀血溢,大肠湿热证,A,A
179,某男，65岁。肛门脱出已近三年，每大便稍用力，肛门即会脱出。面白，神疲、气短、乏力、纳少、大便干，二至三日一行，舌淡苔少，脉沉细无力。临床诊断最可能是,脾气虚证,脾阴虚证,脾气下陷证,气陷证,肺气虚证,C,A
180,某女，42岁。4年来月经量多，每次行经7～8天，经色先红后淡，经后小腹隐痛。面色淡白无华，纳少，稍多食即感脘腹胀满，气短，神疲乏力，大便正常，舌淡苔薄白，脉沉细无力。临床诊断最可能是,气血两虚证,脾不摄血证,心脾两虚证,冲任虚寒证,脾肾气虚证,B,A
181,患儿咳喘反复发作，面色咣白，形寒肢冷，脚软无力，大便澄清。其证候是,肺气虚弱,脾虚气弱,肾虚不纳,肺脾气虚,阴虚肺热,B,A
182,某女，38岁。慢性腹泻已五年余，大便每日2～3次，稀便不成形，纳呆，腹胀，周身乏力，消瘦、舌淡苔白、脉缓。临床诊断最可能是,脾阳虚证,脾气虚证,大肠虚寒证,寒湿困脾证,以上都不是,B,A
183,某女，21岁。近2个月，每至经期前一周即开始两乳胀痛，经期后延10～12天，量中等，色暗红有块，经行小腹胀痛，烦躁失眠、舌暗，脉弦有力。临床诊断最可能是,气滞血瘀证,肝气郁结证,气血两虚证,寒凝血瘀证,以上全都不是,A,A
184,某男，38岁。有慢性肝病史五年，肝功时好时差，纳呆，腹胀，气短，神疲乏力，舌淡苔薄白，脉缓。临床诊断最可能是,肝气郁结证,肝胃不和证,肝脾不调证,脾气虚证,寒湿困脾证,D,A
185,某男，29岁。近1个月来失眠多梦，伴头晕耳鸣，胸闷不舒，痰多，烦热，舌红苔黄腻，脉弦数。临床诊断最可能是,心血虚证,心阴虚证,痰火扰心证,胆郁痰扰证,心火亢盛证,D,A
186,某男，58岁。患“高血压”已近十年，头晕胀痛，耳鸣、梦多寐差、腰膝疫软，舌红苔少，脉弦细数，临床诊断最有可能是,肝火上炎证,肝肾阴虚证,肝阳卜亢证,肝阴虚证,肾阴虚证,C,A
187,某女，18岁。半年前失恋后精神抑郁，时喃喃自语，哭笑无常，痰多胸闷，舌苔白腻，脉弦滑。临床诊断最有可能是,痰迷心窍证,肝气郁结证,心火亢盛证,痰火扰心证,胆郁痰扰证,A,A
188,某男，13岁。患“乙型脑炎”5天，现高热40℃，躁狂谵语，呼吸气粗，喉中痰鸣，大便五日未行，舌红苔黄腻，脉滑数有力。临床诊断最可能是,热人营血证,痰火扰心证,心火亢盛证,痰迷心窍证,阳明腑实证,B,A
189,某男，23岁。面目一身俱黄，色鲜如橘色，纳呆、恶心，脘胀、胁痛、胁下有痞块，小便黄少，大便溏薄，舌红苔黄腻，脉弦数。临床诊断最可能是,湿热蕴脾证,肝胆湿热证,寒湿困脾证,大肠湿热证,以上都不是,B,A
190,某女，26岁。新婚第3天，即发热，腰痛，尿频尿急，尿道灼痛，小便黄少，舌红苔黄，脉数。临床诊断最可能是,小肠实热证,膀胱湿热证,热结膀胱证,湿热下注证,大肠湿热证,B,A
191,某男，8岁。每晚遗尿，面白神疲，形体瘦小，舌淡嫩苔少，脉弱。临床诊断最可能是,肾阳虚证,肾阴虚证,肾气不固证,肾不纳气证,肾精不足证,C,A
192,某男，65岁。小便后余沥不尽已数年，西医诊为“前列腺肥大”，伴腰膝冷痛，畏寒肢冷，舌淡苔白，脉沉尺无力。临床诊断最可能是,肾气不固证,肾阳虚证,肾不纳气证,肾精不足证,膀胱湿热证,B,A
193,某男，32岁。咳喘已近年余，胸闷痰多，白滑易出，舌苔白腻，脉滑。临床诊断最可能是,寒邪客肺证,风寒犯肺证,痰湿阻肺证,饮停于肺证,肺气虚证,C,A
194,某男，21岁。昨日饮食失慎，当晚即腹痛腹泻，日下8次，利下黄臭稀水，肛门灼热，舌红苔黄腻，脉濡。临床诊断最可能是,大肠湿热证,湿热蕴脾证,食积胃肠证,肝郁乘脾证,以上都不是,A,A
195,某女，38岁。面目一身浮肿，纳呆恶心，小便黄少，舌红苔黄腻，脉濡数。临床诊断最可能是,脾阳虚证,脾肾阳虚证,寒湿困脾证,湿热蕴脾证,以上全都不是,D,A
196,某女，42岁。患“慢性胃炎”3年，胃脘隐痛，食后胀满，嗳气呃逆，虽饥而不欲多食，大便干，舌红无苔，脉细无力。临床诊断最可能是,脾气虚证,脾胃气虚证,胃阴虚证,脾阴虚证,肝胃不和证,C,A
197,某女，28岁。1年前流产失血较多，眩晕耳鸣，手足麻木，寐差多梦，面唇淡白，舌淡苔少，脉细无力。临床诊断最可能是,肝阳上亢证,肝血虚证,心血虚证,肝阴虚证,血虚动风证,B,A
198,某女，52岁。近半年来经期错乱，经量较多色鲜红，伴腰瘦膝软，头晕眼花，失眠盗汗，心悸心烦，舌红苔少，脉细数。临床诊断最可能是,心阴虚证,肝阴虚证,肾阴虚证,血热证,心火亢盛证,C,A
199,患者，女，31岁。3年来妊娠3次，均不足3个月而流产，听力减退，带下清稀，腰部痠痛，舌淡苔白，脉弱。其证候是,肾气不固,肾精不足,肾阳虚,脾气下陷,脾肾阳虚,A,A
200,某男，17岁。失眠近1年，每晚入睡极难，烦热、盗汗、遗精、头晕乏力、腰瘦、耳鸣，舌红苔少，脉数。临床诊断最可能是,心阴虚证,肝阴虚证,肾阴虚证,心火亢盛证,心肾不交证,E,A
201,某男，62岁。患咳喘近20年，每至冬季加重，胸闷痰鸣，痰多清稀泡沫，入夜难以平卧，心悸，舌淡苔白滑，脉弦。临床诊断最可能是,痰湿阻肺证,寒邪客肺证,饮停于肺证,肺气虚证,肾不纳气证,C,A
202,某男，65岁。长期便秘，5～6天一行，大便干结如羊屎，口干喜饮，舌正常，脉弦细。临床诊断最可能是,大肠热结证,肺阴虚证,胃阴虚证,阳明腑实证,大肠液亏证,E,A
203,某男，32岁。牙龈肿痛3天，烦热，口渴饮冷，大便干，3日未行，小便黄少，舌红苔黄脉弦。临床诊断最可能是,心火亢盛证,胃火亢盛证,大肠热结证,阳明腑实证,以上全都不是,B,A
204,某男，29岁。近1个月来失眠多梦，伴头晕耳鸣，胸闷不舒，痰多，烦热，舌红苔黄腻，脉弦数。临床诊断最可能是,心血虚证,心阴虚证,痰火扰心证,胆郁痰扰证,心火亢盛证,D,A
205,某女，3岁。患“乙脑”病8天，低热不退，颧红盗汗，失语，手足蠕动，舌红绛苔无，脉细数。临床诊断最可能是,肝阴虚,肾阴虚,肝肾阴虚,阴虚动风,血虚动风,D,A
206,某女，29岁。2年来月经量多色淡，近半年失眠心悸，头晕眼花，纳少，腹胀，面唇淡白，舌淡苔少，脉弱。临床诊断最可能是,心血虚证,肝血虚证,心肝血虚证,心脾两虚证,心脾气虚证,D,A
207,某女，32岁。下岗后心情不好，近半月自感胃脘痞满，嗳气时作，纳谷不香，胸闷喜叹息，舌正常，脉弦。临床诊断最可能是,肝气郁结证,肝气横逆证,肝胃不和证,肝郁脾虚证,气滞证,C,A
208,某男，25岁。前日开始，右胸胁部泛起疱疹，灼热疼痛，口苦咽干，烦躁不安、溲赤便干，舌边红苔黄腻，脉弦数。临床诊断最可能是,血热证,肝胆湿热证,湿热蕴脾证,血热生风证,以上全都不是,B,A
209,患者胸胁胀痛，走窜不定，情绪不佳则加重，胸闷气短，嗳气频作，舌苔薄，脉弦。其证候是,肝胃不和,肝络瘀阻,肝气郁结,肝郁化热,肝脾不调,C,A
210,某女，29岁。1个月来每晚都做噩梦，醒则心悸汗出，再难入睡，胸闷喜太息，纳差恶心，舌苔黄腻，脉滑数。临床诊断最可能是,心气虚证,心血虚证,胆郁痰扰证,肝气郁结证,以上都不是,C,A
211,某女，45岁。面浮肢肿，气短神疲，肢体困重，畏寒肢冷，腰疫膝软，纳呆腹胀，小便清长，舌淡胖，苔白滑，脉沉迟无力。临床诊断最可能是,脾阳虚证,肾阳虚证,寒湿困脾证,脾肾阳虚证,肾气虚证,D,A
212,某男，32岁。阳痿不举近2年，服补肾壮阳之药难以计数，毫无效果，近来又感烦热不眠，口苦咽干，头晕目赤，纳差脘闷，小便黄，大便稀而不爽，舌红苔黄腻，脉弦数。临床诊断最可能是,肾阳虚证,肾精不足证,肝肾阴虚证,肝胆湿热证,肝火上炎证,D,A
213,某男，42岁。1个月来由于工作中压力较大，每至黎明即腹痛欲泻，泻后痛减，每晨2～3次稀便。服四神丸等无效，舌淡红，苔薄腻，脉弦有力。临床诊断最可能是,肾阳虚证,脾阳虚证,寒湿困脾证,湿热蕴脾证,肝气犯脾证,E,A
214,患儿，2岁。高热3天，面红目赤，胸腹灼热，四肢逆冷，小便黄少，大便已3日未行，舌红绛，苔黄厚而干，脉滑数，指纹紫暗，已达命关。临床诊断最可能是,表寒里热证,虚热证,亡阳证,真寒假热证,真热假寒证,E,A
215,某男，38岁。身热，面红，口渴，但饮水不多，下利清谷，舌淡苔白，脉浮大无力。临床诊断最可能是,实热证,真热假寒证,亡阳证,真寒假热证,虚热证,D,A
216,患儿，8岁。平素口燥咽干，溲赤便干，近日受风，发热，微恶寒，头痛，鼻塞流浊涕，舌红苔薄白，脉浮数。临床诊断最可能是,里实热证,外感风热证,表里俱热证,表热里寒证,以上都不是,C,A
217,某男，40岁。长期胃部胀痛，近半年脘胀痞满益甚，胸闷气塞，纳差，大便3日一行，但不干燥，伴气短乏力，检查腹部按之软。舌淡，苔少，脉弱。临床诊断最可能是,里实证,里虚证,真实假虚证,真虚假实证,以上都不是,C,A
218,某男，43岁。入冬以后，肢体关节游走瘦痛，沉重，苔薄白，脉弦缓。临床诊断最可能是,表湿证,里湿证,风湿证,寒湿证,湿热证,C,A
219,某男，37岁。恶热、汗出、口渴，心烦，疲乏，尿黄，舌红苔腻，脉虚数。临床诊断最可能是,风淫证,寒淫证,湿淫证,火淫证,暑淫证,E,A
220,患者，女，26岁，已婚。停经2个月，尿妊娠试验阳性。恶心呕吐10天，加重3天，食入即吐，口淡无味，时时呕吐清涎，倦怠嗜卧，舌淡苔白润，脉缓滑无力。其证候是,脾胃虚弱,痰湿中阻,肝胃不和,肝脾不和,气阴两伤,A,A
221,某男，38岁。口苦，胸胁痛而不能转侧，时欲太息、头痛。临床诊断最可能是,足厥阴肝经病证,足少阳胆经病证,手少阳三焦经病证,手厥阴心包经病证,以上都不是,B,A
222,胸痹气阴两虚证，其临床特点是,A.胸部剧痛，入夜尤甚,B.胸闷隐痛，时作时止,C.胸闷如窒，气短喘促,D.胸闷气短，畏寒肢冷,E.胸痛彻背，感寒痛甚,B,A
223,胸痹阴寒凝滞证，其临床特点是,A.胸部剧痛，入夜尤甚,B.胸闷隐痛，时作时止,C.胸闷如窒，气短喘促,D.胸闷气短，畏寒肢冷,E.胸痛彻背，感寒痛甚,E,A
224,热极津枯可见,A.花剥而兼腻苔,B.黄腻苔,C.薄白苔,D.黑而燥裂苔,E.黑而滑润苔,D,A
225,痰浊未化，正气已伤者，可见,A.花剥而兼腻苔,B.黄腻苔,C.薄白苔,D.黑而燥裂苔,E.黑而滑润苔,A,A
226,小儿慢脾风可见,A.横目斜视,B.目睛微定,C.昏睡露睛,D.双眼睑下垂,E.瞳仁扩大,C,A
227,痰热内闭可见,A.横目斜视,B.目睛微定,C.昏睡露睛,D.双眼睑下垂,E.瞳仁扩大,B,A
228,面色晄白而虚浮者主,A.阳气不足,B.营血亏损,C.阳气暴脱,D.中寒腹痛,E.虚阳上越,A,A
229,面色淡白而瘦弱者主,A.阳气不足,B.营血亏损,C.阳气暴脱,D.中寒腹痛,E.虚阳上越,B,A
230,神气不足的临床意义为,A.正气不足，神气不旺,B.正气未伤，精气未衰,C.精亏气损神衰,D.阴阳离绝的危候,E.临终前的预兆,A,A
231,失神的临床意义为,A.正气不足，神气不旺,B.正气未伤，精气未衰,C.精亏气损神衰,D.阴阳离绝的危候,E.临终前的预兆,C,A
232,黄疸表现为,A.目眦赤,B.白睛赤,C.白睛变黄,D.眼睑红肿赤烂,E.全目赤肿，迎风流泪,C,A
233,肺火表现为,A.目眦赤,B.白睛赤,C.白睛变黄,D.眼睑红肿赤烂,E.全目赤肿，迎风流泪,B,A
234,舌边生芒刺多为,A.心火亢盛,B.脾胃火盛,C.肝胆火热,D.肾水将涸,E.肺热壅盛,C,A
235,舌中生芒刺多为,A.心火亢盛,B.脾胃火盛,C.肝胆火热,D.肾水将涸,E.肺热壅盛,B,A
236,厌恶食物或恶闻食臭者，为,A.厌食,B.消谷善饥,C.饥不欲食,D.除中,E.虫积,A,A
237,食欲过于旺盛，食后不久即感饥饿者，为,A.厌食,B.消谷善饥,C.饥不欲食,D.除中,E.虫积,B,A
238,小儿指纹色鲜红主,A.内热证,B.外感表证,C.风证、痛证,D.虚证,E.血络郁闭,B,A
239,小儿指纹色淡主,A.内热证,B.外感表证,C.风证、痛证,D.虚证,E.血络郁闭,D,A
240,小儿食指络脉显于气关为,A.邪气在骨髓,B.邪气深入脏腑,C.邪气入络,D.邪气入经,E.邪气在皮毛,D,A
241,小儿食指络脉显于命关为,A.邪气在骨髓,B.邪气深入脏腑,C.邪气入络,D.邪气入经,E.邪气在皮毛,B,A
242,出现瘀血证时，面部颜色可见,A.青色、赤色,B.黑色、青色,C.黄色、黑色,D.赤色、白色,E.赤色、黑色,B,A
243,水湿内停时，面部颜色可见,A.青色、赤色,B.黑色、青色,C.黄色、黑色,D.赤色、白色,E.赤色、黑色,C,A
244,脾胃湿热可见,A.目眦赤,B.白睛赤,C.白睛变黄,D.眼睑红肿湿烂,E.全目赤肿，迎风流泪,D,A
245,心火可见,A.目眦赤,B.白睛赤,C.白睛变黄,D.眼睑红肿湿烂,E.全目赤肿，迎风流泪,A,A
246,舌色淡白、有裂纹者主,A.血虚,B.血寒,C.阴亏,D.脾虚,E.津伤,A,A
247,舌色淡白、舌体胖大有裂纹者主,A.血虚,B.血寒,C.阴亏,D.脾虚,E.津伤,D,A
248,痫证的病机为,A.痰气郁结,B.痰火扰心,C.肝风挟痰,D.肝风内动,E.肝阳上亢,C,A
249,狂证的病机为,A.痰气郁结,B.痰火扰心,C.肝风挟痰,D.肝风内动,E.肝阳上亢,B,A
250,湿痰的特点为,A.痰多易咯,B.痰黄黏稠,C.痰少难咯,D.痰如泡沫,E.痰稀白，夹有灰黑点,A,A
251,热痰的特点为,A.痰多易咯,B.痰黄黏稠,C.痰少难咯,D.痰如泡沫,E.痰稀白，夹有灰黑点,B,A
252,脾胃在舌的分属部位是,A.舌尖,B.舌中,C.舌边,D.舌根,E.舌面,B,A
253,肝胆在舌的分属部位是,A.舌尖,B.舌中,C.舌边,D.舌根,E.舌面,C,A
254,小便不畅，点滴而出者为,A.消渴,B.水肿,C.遗尿,D.癃闭,E.淋证,E,A
255,小便不畅，点滴不出者为,A.消渴,B.水肿,C.遗尿,D.癃闭,E.淋证,D,A
256,痿证可见,A.半身汗出,B.手足心汗出,C.头面部汗出,D.额部汗出如油,E.恶寒战栗，几经挣扎，而后汗出,A,A
257,湿温病可见,A.半身汗出,B.手足心汗出,C.头面部汗出,D.额部汗出如油,E.恶寒战栗，几经挣扎，而后汗出,C,A
258,瘀血证可表现为,A.咽干口燥,B.口淡不渴,C.口渴欲饮，饮后即吐,D.但欲漱水不欲咽,E.口渴引饮,D,A
259,水停胃中可表现为,A.咽干口燥,B.口淡不渴,C.口渴欲饮，饮后即吐,D.但欲漱水不欲咽,E.口渴引饮,C,A
260,实热证可见,A.汗出蒸蒸,B.动则汗出,C.睡时汗出,D.半身汗出,E.冷汗淋漓,A,A
261,阴虚证可见,A.汗出蒸蒸,B.动则汗出,C.睡时汗出,D.半身汗出,E.冷汗淋漓,C,A
262,阴挺多属,A.脾气虚,B.脾阳虚,C.寒湿困脾,D.中气下陷,E.湿热蕴脾,D,A
263,黄疸色晦暗如烟熏者，多属,A.脾气虚,B.脾阳虚,C.寒湿困脾,D.中气下陷,E.湿热蕴脾,C,A
264,肝郁化火多见,A.洪数脉,B.浮数脉,C.滑数脉,D.濡数脉,E.弦数脉,E,A
265,食积内热多见,A.洪数脉,B.浮数脉,C.滑数脉,D.濡数脉,E.弦数脉,C,A
266,濡脉与弱脉的主要不同点，在于,A.脉位的浮沉,B.脉力的大小,C.脉形的长短,D.脉率的快慢,E.脉律的齐否,A,A
267,结脉与促脉的主要不同点，在于,A.脉位的浮沉,B.脉力的大小,C.脉形的长短,D.脉率的快慢,E.脉律的齐否,D,A
268,浮缓脉主,A.痰饮内停,B.内热食积,C.表证夹痰,D.太阳伤寒,E.太阳中风,E,A
269,浮滑脉主,A.痰饮内停,B.内热食积,C.表证夹痰,D.太阳伤寒,E.太阳中风,C,A
270,小便混浊如米泔，多见于,A.脾气虚,B.脾阳虚,C.脾气下陷,D.肾气不固,E.膀胱湿热,C,A
271,小便频、急、涩痛，多见于,A.脾气虚,B.脾阳虚,C.脾气下陷,D.肾气不固,E.膀胱湿热,E,A
272,心悸心虚胆怯证的特点是,A.心悸烦躁，善惊痰多,B.心悸善惊，坐卧不安,C.惊悸眩晕，胸闷喘憋,D.心悸怵惕，心痛胸闷,E.虚烦而悸，耳鸣腰瘦,B,A
273,心悸心血瘀阻证的特点是,A.心悸烦躁，善惊痰多,B.心悸善惊，坐卧不安,C.惊悸眩晕，胸闷喘憋,D.心悸怵惕，心痛胸闷,E.虚烦而悸，耳鸣腰瘦,D,A
274,脾胃气虚可见,A.肛门重坠,B.大便时干时稀,C.肛门灼热,D.大便先干后溏,E.便黑如柏油,D,A
275,肝郁乘脾可见,A.肛门重坠,B.大便时干时稀,C.肛门灼热,D.大便先干后溏,E.便黑如柏油,B,A
276,血虚证可见,A.唇色淡白,B.唇色红润,C.唇色深红,D.唇色青黑,E.唇色紫暗,A,A
277,血瘀证可见,A.唇色淡白,B.唇色红润,C.唇色深红,D.唇色青黑,E.唇色紫暗,E,A
278,痰结于颈多见于,A.梅核气,B.瘿瘤,C.发颐,D.痰核,E.乳癖,B,A
279,痰在肢体多见于,A.梅核气,B.瘿瘤,C.发颐,D.痰核,E.乳癖,D,A
280,太阴病证的表现有,A.腹部胀满，不欲饮食,B.胸胁苦满，心烦喜呕,C.腹胀且痛，大便秘结,D.下利清谷，四肢厥冷,E.心中疼热，饥不欲食,A,A
281,少阴病证的表现有,A.腹部胀满，不欲饮食,B.胸胁苦满，心烦喜呕,C.腹胀且痛，大便秘结,D.下利清谷，四肢厥冷,E.心中疼热，饥不欲食,D,A
282,四肢抽搐，甚则角弓反张，多见于,A.肝阳化风证,B.热极生风证,C.血虚生风证,D.阴虚动风证,E.太阳中风证,B,A
283,头晕目眩，手足蠕动，多见于,A.肝阳化风证,B.热极生风证,C.血虚生风证,D.阴虚动风证,E.太阳中风证,D,A
284,胸痛彻背、遇冷加剧，多见于,A.血瘀心脉证,B.痰阻心脉证,C.寒凝心脉证,D.气滞心脉证,E.气虚血瘀证,C,A
285,心胸闷痛、心悸痰多，多见于,A.血瘀心脉证,B.痰阻心脉证,C.寒凝心脉证,D.气滞心脉证,E.气虚血瘀证,B,A
286,咳喘无力、气短乏力多见于,A.风寒犯肺证,B.寒邪客肺证,C.痰湿阻肺证,D.饮停于肺证,E.肺气虚证,E,A
287,咳吐清稀泡沫痰、倚息不得平卧多见于,A.风寒犯肺证,B.寒邪客肺证,C.痰湿阻肺证,D.饮停于肺证,E.肺气虚证,D,A
288,寒证泄泻的特征是,A.大便清稀，完谷不化，腹部喜温,B.大便色黄褐而臭，泻下急迫，肛门灼热,C.泻下腹痛，痛势急迫拒按，泻后痛减,D.大便时溏时泻。完谷不化，腹痛不甚，喜温喜按,E.每因抑郁恼怒或情绪紧张即发生腹痛泄泻,A,A
289,热证泄泻的特征是,A.大便清稀，完谷不化，腹部喜温,B.大便色黄褐而臭，泻下急迫，肛门灼热,C.泻下腹痛，痛势急迫拒按，泻后痛减,D.大便时溏时泻。完谷不化，腹痛不甚，喜温喜按,E.每因抑郁恼怒或情绪紧张即发生腹痛泄泻,B,A
290,胸胁胀痛，胁下痞块刺痛多见于,A.气血两虚证,B.气滞血瘀证,C.气虚血瘀证,D.气随血脱证,E.气不摄血证,B,A
291,大失血，突然面唇淡白，神志不清、呼吸微弱多见于,A.气血两虚证,B.气滞血瘀证,C.气虚血瘀证,D.气随血脱证,E.气不摄血证,D,A
292,发热、汗出，口渴，疲乏，舌红，脉虚数多见于,A.风淫证,B.暑淫证,C.寒淫证,D.湿淫证,E.火淫证,B,A
293,脘腹冷痛，呕吐腹泻多见于,A.风淫证,B.暑淫证,C.寒淫证,D.湿淫证,E.火淫证,C,A
294,脘腹冷痛拒按，大便秘结多见于,A.表寒证,B.真寒假热证,C.虚寒证,D.实寒证,E.亡阳证,D,A
295,脘腹冷痛喜按，大便溏软多见于,A.表寒证,B.真寒假热证,C.虚寒证,D.实寒证,E.亡阳证,C,A
296,胃脘冷痛，牙龈红肿热痛多见于,A.表寒里热证,B.表热里寒证,C.上寒下热证,D.上热下寒证,E.真寒假热证,D,A
297,下利清谷，小便清长，舌淡苔白，面赤口渴多见于,A.表寒里热证,B.表热里寒证,C.上寒下热证,D.上热下寒证,E.真寒假热证,E,A
298,发热，烦渴，热汗淋漓，脉疾无力多见于,A.表热证,B.真热假寒证,C.虚热证,D.实热证,E.亡阴证,E,A
299,发热，烦渴，大汗出，脉洪数有力多见于,A.表热证,B.真热假寒证,C.虚热证,D.实热证,E.亡阴证,D,A
300,恶寒，发热，无汗，咳喘，痰黄稠多见于,A.表热证,B.真热假寒证,C.虚热证,D.实热证,E.亡阴证,B,A
301,肢冷，发热，溲赤便干，舌红绛多见于,A.表热证,B.真热假寒证,C.虚热证,D.实热证,E.亡阴证,E,A
302,心悸、咳喘无力、气短多见于,A.心气虚证,B.心阳虚证,C.心肾阳虚证,D.心肺气虚证,E.心脾两虚证,D,A
303,嗜卧、心悸、腰膝冷痛多见于,A.心气虚证,B.心阳虚证,C.心肾阳虚证,D.心肺气虚证,E.心脾两虚证,C,A
304,咳嗽，痰黄稠、发热，微恶寒多见于,A.风热犯肺证,B.燥邪犯肺证,C.热邪壅肺证,D.肺阴虚证,E.肝火犯肺证,A,A
305,咳嗽，痰黄稠、发热，胸胁灼痛多见于,A.风热犯肺证,B.燥邪犯肺证,C.热邪壅肺证,D.肺阴虚证,E.肝火犯肺证,E,A
306,面目一身水肿，发热恶风多见于,A.风水相搏证,B.寒湿困脾证,C.脾阳虚证,D.肾阳虚证,E.脾肾阳虚证,A,A
307,面目一身水肿，小便不利，腰疫，畏寒肢冷多见于,A.风水相搏证,B.寒湿困脾证,C.脾阳虚证,D.肾阳虚证,E.脾肾阳虚证,D,A
308,胃脘胀痛，嗳腐吞酸多见于,A.胃寒证,B.胃火证,C.胃阴虚证,D.肝胃不和证,E.食滞胃脘证,E,A
309,胃脘胀痛，吞酸嘈杂，胸胁闷胀多见于,A.胃寒证,B.胃火证,C.胃阴虚证,D.肝胃不和证,E.食滞胃脘证,D,A
310,头晕目眩、耳鸣，腰膝痠软多见于,A.肝阴虚证,B.肝阳上亢证,C.肝血虚证,D.肝火上炎证,E.肝胆湿热证,B,A
311,头晕目眩、耳鸣，面唇淡白多见于,A.肝阴虚证,B.肝阳上亢证,C.肝血虚证,D.肝火上炎证,E.肝胆湿热证,C,A
312,腰膝疫痛，浮肿，小便不利，多见于,A.肾阳虚证,B.肾阴虚证,C.肾精不足证,D.肾气不固证,E.肾不纳气证,A,A
313,腰膝疼痛，小便余沥不尽，多见于,A.肾阳虚证,B.肾阴虚证,C.肾精不足证,D.肾气不固证,E.肾不纳气证,D,A
314,嗌干、心痛，渴而欲饮，臑臂内后廉痛厥多见于,A.手少阴心经病证,B.足少阴肾经病证,C.手太阴肺经病证,D.足太阴脾经病证,E.足厥阴肝经病证,A,A
315,腰痛不可以俯仰，胸满，呕逆多见于,A.手少阴心经病证,B.足少阴肾经病证,C.手太阴肺经病证,D.足太阴脾经病证,E.足厥阴肝经病证,E,A
316,手心热，甚则胸胁支满，喜笑不休多见于,A.手厥阴心包络经病证,B.足少阳胆经病证,C.足太阳膀胱经病证,D.手太阳小肠经病证,E.足阳明胃经病证,A,A
317,寒热、鼻塞，头痛，脊痛，多见于,A.手厥阴心包络经病证,B.足少阳胆经病证,C.足太阳膀胱经病证,D.手太阳小肠经病证,E.足阳明胃经病证,C,A
318,头晕目眩，气短乏力，脘腹坠胀多见于,A.肝阳上亢证,B.肝血虚证,C.肾阴虚证,D.肾气虚证,E.中气下陷证,E,A
319,头晕耳鸣，气短乏力，腰痠膝软多见于,A.肝阳上亢证,B.肝血虚证,C.肾阴虚证,D.肾气虚证,E.中气下陷证,D,A
320,心烦失眠、梦多、遗精，多见于,A.心血虚证,B.心火亢盛证,C.心肾不交证,D.肝火上炎证,E.肝阴虚证,C,A
321,急躁易怒，失眠、梦多，胁肋灼痛，多见于,A.心血虚证,B.心火亢盛证,C.心肾不交证,D.肝火上炎证,E.肝阴虚证,D,A
322,口干不欲饮，水入则吐，小便不利多见于,A.湿热蕴脾证,B.肝胆湿热证,C.饮停于胃证,D.血瘀胃脘证,E.肾阳虚证,C,A
323,口干不欲饮，浮肿，小便不利多见于,A.湿热蕴脾证,B.肝胆湿热证,C.饮停于胃证,D.血瘀胃脘证,E.肾阳虚证,E,A
324,咳喘，痰多色白滑、易略出，多见于,A.风寒束肺证,B.寒邪客肺证,C.饮停于肺证,D.痰湿阻肺证,E.肺气虚证,D,A
325,咳喘，痰多色白清稀、多泡沫，多见于,A.风寒束肺证,B.寒邪客肺证,C.饮停于肺证,D.痰湿阻肺证,E.肺气虚证,C,A
326,月经后期，量少色淡，胸胁闷胀多见于,A.肝血虚证,B.气血两虚证,C.心脾两虚证,D.肾阴虚证,E.肾精不足证,A,A
327,月经后期，量少色红，腰瘦，五心烦热多见于,A.肝血虚证,B.气血两虚证,C.心脾两虚证,D.肾阴虚证,E.肾精不足证,D,A
328,带下量多，色黄，臭秽，外阴瘙痒多见于,A.脾阳虚证,B.寒湿困脾证,C.湿热蕴脾证,D.肝胆湿热证,E.肾气不固证,D,A
329,带下量多，色白清稀，腰瘦多见于,A.脾阳虚证,B.寒湿困脾证,C.湿热蕴脾证,D.肝胆湿热证,E.肾气不固证,E,A
330,耳鸣如蝉，眩晕，腰膝痠软多见于,A.肾阳虚证,B.肾阴虚证,C.肝阴虚证,D.肝火上炎证,E.肝血虚证,B,A
331,耳鸣如潮，眩晕，胸胁灼痛多见于,A.肾阳虚证,B.肾阴虚证,C.肝阴虚证,D.肝火上炎证,E.肝血虚证,D,A
332,膝关节红肿热痛，多见于,A.风淫证候,B.湿淫证候,C.寒淫证候,D.湿热郁阻证,E.肝肾阴亏证,D,A
333,膝关节肿痛不红，多见于,A.风淫证候,B.湿淫证候,C.寒淫证候,D.湿热郁阻证,E.肝肾阴亏证,B,A
334,头发早白，牙齿脱落，足痿无力多见于,A.肾精不足证,B.肾阴虚证,C.心血虚证,D.血热证,E.气血两虚证,A,A
335,头发稀疏易落，舌红脉数多见于,A.肾精不足证,B.肾阴虚证,C.心血虚证,D.血热证,E.气血两虚证,D,A
336,牙龈出血，不红不肿不痛者多见于,A.血热证,B.肾阴虚证,C.脾不摄血证,D.胃火亢盛证,E.肝火上炎证,C,A
337,牙龈出血，红肿热痛者多见于,A.血热证,B.肾阴虚证,C.脾不摄血证,D.胃火亢盛证,E.肝火上炎证,D,A
338,咽痛，红肿，有黄白脓点者多见于,A.外感风热证,B.肺胃热盛证,C.肺胃热毒证,D.肾阴虚证,E.肺阴虚证,C,A
339,咽痛，红色娇嫩，肿痛不甚者多见于,A.外感风热证,B.肺胃热盛证,C.肺胃热毒证,D.肾阴虚证,E.肺阴虚证,D,A
340,嗳气频作，常随情绪变化者多见于,A.胃阴虚证,B.肝胃不和证,C.食滞胃脘证,D.胃寒证,E.胃气虚证,B,A
341,嗳气频作，伴饥不欲食者多见于,A.胃阴虚证,B.肝胃不和证,C.食滞胃脘证,D.胃寒证,E.胃气虚证,A,A
342,周身疼痛，伴恶寒无汗，多见于,A.外感风寒证,B.外感风湿证,C.暑湿疫毒证,D.寒湿困脾证,E.气血两虚证,A,A
343,周身疼痛，伴面赤发斑，多见于,A.外感风寒证,B.外感风湿证,C.暑湿疫毒证,D.寒湿困脾证,E.气血两虚证,C,A
344,发热，烦渴，热汗淋漓，脉疾无力多见于,A.表热证,B.真热假寒证,C.虚热证,D.实热证,E.亡阴证,E,A
345,发热，烦渴，大汗出，脉洪数有力多见于,A.表热证,B.真热假寒证,C.虚热证,D.实热证,E.亡阴证,D,A
346,经期小腹冷痛，经色紫暗有块者多见于,A.肝气郁结证,B.寒滞肝脉证,C.气滞血瘀证,D.寒凝血瘀证,E.肾阳虚证,D,A
347,经期小腹胀痛，伴乳胀，胁肋不舒者多见于,A.肝气郁结证,B.寒滞肝脉证,C.气滞血瘀证,D.寒凝血瘀证,E.肾阳虚证,A,A
348,久泻不止，五更泄泻者多见于,A.脾阳虚证,B.肾阳虚证,C.脾气下陷证,D.肠虚滑泻证,E.肝脾不调证,B,A
349,久泻不止，脱肛，气短不续者多见于,A.脾阳虚证,B.肾阳虚证,C.脾气下陷证,D.肠虚滑泻证,E.肝脾不调证,C,A
350,长期腰痛，冷痛沉重，阴雨加重多见于,A.肾阳虚证,B.肾阴虚证,C.寒湿证,D.瘀血证,E.肾精不足证,C,A
351,长期腰痛，刺痛不移，不能转侧者多见于,A.肾阳虚证,B.肾阴虚证,C.寒湿证,D.瘀血证,E.肾精不足证,D,A
